coupon_code,customer_id,date,price,product,quantity,shipping_city,discount_percent,order_date,days_since_purchase,revenue
WELCOME15,CUST1000,2024-03-13,276.34,Monitor,3,Calgary,15,2024-03-13,108,829.02
DISCOUNT5,CUST1001,2024-03-09,662.1,Keyboard,1,Toronto,5,2024-03-09,112,662.1
WELCOME15,CUST1002,2024-02-25,609.79,Headphones,4,Toronto,15,2024-02-25,125,2439.16
OFF20,CUST1003,2024-03-08,931.46,Keyboard,1,Ottawa,20,2024-03-08,113,931.46
DISCOUNT5,CUST1004,2024-06-05,959.94,Keyboard,1,Toronto,5,2024-06-05,24,959.94
OFF20,CUST1005,2024-06-14,87.05,Phone,4,Montreal,20,2024-06-14,15,348.2
SAVE10,CUST1006,2024-03-12,574.43,Headphones,2,Vancouver,10,2024-03-12,109,1148.86
OFF20,CUST1007,2024-04-03,946.27,Headphones,2,Ottawa,20,2024-04-03,87,1892.54
SAVE10,CUST1008,2024-02-19,764.64,Headphones,4,Calgary,10,2024-02-19,131,3058.56
SAVE10,CUST1009,2024-04-15,1287.6,Keyboard,3,Montreal,10,2024-04-15,75,3862.7999999999997
OFF20,CUST1010,2024-03-20,994.87,Monitor,1,Ottawa,20,2024-03-20,101,994.87
DISCOUNT5,CUST1011,2024-01-24,261.14,Headphones,4,Toronto,5,2024-01-24,157,1044.56
WELCOME15,CUST1012,2024-03-23,124.44,Mouse,1,Toronto,15,2024-03-23,98,124.44
WELCOME15,CUST1013,2024-02-19,970.78,Keyboard,3,Toronto,15,2024-02-19,131,2912.34
SAVE10,CUST1014,2024-04-28,59.24,Phone,1,Toronto,10,2024-04-28,62,59.24
SAVE10,CUST1015,2024-03-25,886.95,Monitor,4,Calgary,10,2024-03-25,96,3547.8
DISCOUNT5,CUST1016,2024-02-24,1411.54,Mouse,1,Montreal,5,2024-02-24,126,1411.54
,CUST1017,2024-06-06,871.7,Mouse,2,Vancouver,0,2024-06-06,23,1743.4
OFF20,CUST1018,2024-03-26,594.49,Phone,3,Calgary,20,2024-03-26,95,1783.47
SAVE10,CUST1019,2024-06-14,972.07,Monitor,3,Calgary,10,2024-06-14,15,2916.21
WELCOME15,CUST1020,2024-05-28,698.21,Keyboard,3,Vancouver,15,2024-05-28,32,2094.63
DISCOUNT5,CUST1021,2024-06-10,827.51,Laptop,4,Vancouver,5,2024-06-10,19,3310.04
OFF20,CUST1022,2024-03-21,1413.37,Monitor,3,Toronto,20,2024-03-21,100,4240.11
DISCOUNT5,CUST1023,2024-05-27,591.43,Phone,2,Calgary,5,2024-05-27,33,1182.86
OFF20,CUST1024,2024-06-08,1442.56,Mouse,4,Ottawa,20,2024-06-08,21,5770.24
OFF20,CUST1025,2024-04-01,1359.92,Keyboard,2,Vancouver,20,2024-04-01,89,2719.84
SAVE10,CUST1026,2024-05-31,309.77,Monitor,1,Vancouver,10,2024-05-31,29,309.77
DISCOUNT5,CUST1027,2024-02-23,122.65,Laptop,1,Montreal,5,2024-02-23,127,122.65
DISCOUNT5,CUST1028,2024-02-21,169.15,Laptop,1,Ottawa,5,2024-02-21,129,169.15
WELCOME15,CUST1029,2024-03-25,46.97,Headphones,1,Ottawa,15,2024-03-25,96,46.97
WELCOME15,CUST1030,2024-05-16,159.78,Headphones,2,Vancouver,15,2024-05-16,44,319.56
SAVE10,CUST1031,2024-02-08,1030.85,Phone,4,Toronto,10,2024-02-08,142,4123.4
SAVE10,CUST1032,2024-04-25,125.36,Monitor,4,Montreal,10,2024-04-25,65,501.44
,CUST1033,2024-04-13,492.08,Monitor,3,Ottawa,0,2024-04-13,77,1476.24
WELCOME15,CUST1034,2024-02-19,1270.42,Mouse,2,Vancouver,15,2024-02-19,131,2540.84
OFF20,CUST1035,2024-02-05,54.44,Mouse,1,Ottawa,20,2024-02-05,145,54.44
DISCOUNT5,CUST1036,2024-05-21,1225.41,Mouse,2,Montreal,5,2024-05-21,39,2450.82
SAVE10,CUST1037,2024-04-26,437.15,Headphones,3,Montreal,10,2024-04-26,64,1311.4499999999998
DISCOUNT5,CUST1038,2024-05-05,194.88,Monitor,3,Calgary,5,2024-05-05,55,584.64
DISCOUNT5,CUST1039,2024-04-24,1051.17,Monitor,2,Vancouver,5,2024-04-24,66,2102.34
,CUST1040,2024-05-24,950.84,Laptop,2,Montreal,0,2024-05-24,36,1901.68
WELCOME15,CUST1041,2024-04-23,1318.66,Headphones,2,Calgary,15,2024-04-23,67,2637.32
SAVE10,CUST1042,2024-06-12,1107.91,Keyboard,4,Calgary,10,2024-06-12,17,4431.64
DISCOUNT5,CUST1043,2024-05-18,1209.15,Headphones,1,Ottawa,5,2024-05-18,42,1209.15
SAVE10,CUST1044,2024-03-28,437.41,Keyboard,2,Ottawa,10,2024-03-28,93,874.82
OFF20,CUST1045,2024-02-29,282.61,Laptop,2,Calgary,20,2024-02-29,121,565.22
,CUST1046,2024-01-18,1130.91,Phone,2,Ottawa,0,2024-01-18,163,2261.82
OFF20,CUST1047,2024-05-07,1214.12,Monitor,3,Montreal,20,2024-05-07,53,3642.3599999999997
SAVE10,CUST1048,2024-01-07,1485.95,Laptop,3,Toronto,10,2024-01-07,174,4457.85
SAVE10,CUST1049,2024-01-05,630.67,Monitor,4,Montreal,10,2024-01-05,176,2522.68
WELCOME15,CUST1050,2024-04-03,570.59,Mouse,1,Calgary,15,2024-04-03,87,570.59
DISCOUNT5,CUST1051,2024-05-01,1169.09,Phone,4,Calgary,5,2024-05-01,59,4676.36
DISCOUNT5,CUST1052,2024-03-05,524.39,Phone,1,Montreal,5,2024-03-05,116,524.39
OFF20,CUST1053,2024-01-18,1397.52,Laptop,3,Ottawa,20,2024-01-18,163,4192.5599999999995
,CUST1054,2024-06-18,1290.45,Phone,3,Ottawa,0,2024-06-18,11,3871.3500000000004
DISCOUNT5,CUST1055,2024-04-19,654.91,Keyboard,3,Calgary,5,2024-04-19,71,1964.73
WELCOME15,CUST1056,2024-03-04,1131.29,Phone,4,Vancouver,15,2024-03-04,117,4525.16
OFF20,CUST1057,2024-03-23,1136.72,Monitor,2,Ottawa,20,2024-03-23,98,2273.44
OFF20,CUST1058,2024-05-16,172.62,Monitor,2,Montreal,20,2024-05-16,44,345.24
WELCOME15,CUST1059,2024-02-17,1355.78,Monitor,3,Ottawa,15,2024-02-17,133,4067.34
,CUST1060,2024-03-24,767.77,Monitor,2,Montreal,0,2024-03-24,97,1535.54
WELCOME15,CUST1061,2024-02-06,1243.16,Keyboard,2,Calgary,15,2024-02-06,144,2486.32
,CUST1062,2024-04-15,493.67,Headphones,4,Ottawa,0,2024-04-15,75,1974.68
WELCOME15,CUST1063,2024-03-27,1345.37,Mouse,1,Montreal,15,2024-03-27,94,1345.37
WELCOME15,CUST1064,2024-03-29,596.02,Laptop,3,Calgary,15,2024-03-29,92,1788.06
SAVE10,CUST1065,2024-04-02,36.04,Monitor,3,Vancouver,10,2024-04-02,88,108.12
OFF20,CUST1066,2024-02-28,1359.97,Phone,4,Montreal,20,2024-02-28,122,5439.88
WELCOME15,CUST1067,2024-04-07,155.1,Monitor,4,Vancouver,15,2024-04-07,83,620.4
WELCOME15,CUST1068,2024-01-08,492.58,Phone,2,Vancouver,15,2024-01-08,173,985.16
DISCOUNT5,CUST1069,2024-01-13,1426.09,Mouse,3,Toronto,5,2024-01-13,168,4278.2699999999995
OFF20,CUST1070,2024-02-13,1426.9,Mouse,1,Ottawa,20,2024-02-13,137,1426.9
DISCOUNT5,CUST1071,2024-06-20,868.69,Mouse,4,Montreal,5,2024-06-20,9,3474.76
OFF20,CUST1072,2024-03-16,955.12,Phone,1,Vancouver,20,2024-03-16,105,955.12
DISCOUNT5,CUST1073,2024-01-10,683.7,Monitor,1,Toronto,5,2024-01-10,171,683.7
WELCOME15,CUST1074,2024-01-15,453.95,Mouse,3,Calgary,15,2024-01-15,166,1361.85
WELCOME15,CUST1075,2024-05-18,506.42,Keyboard,3,Montreal,15,2024-05-18,42,1519.26
SAVE10,CUST1076,2024-04-05,1015.33,Phone,4,Vancouver,10,2024-04-05,85,4061.32
DISCOUNT5,CUST1077,2024-02-14,1133.51,Phone,3,Ottawa,5,2024-02-14,136,3400.5299999999997
,CUST1078,2024-05-18,1191.54,Monitor,3,Toronto,0,2024-05-18,42,3574.62
SAVE10,CUST1079,2024-04-30,1188.63,Phone,3,Vancouver,10,2024-04-30,60,3565.8900000000003
DISCOUNT5,CUST1080,2024-01-04,154.99,Phone,1,Ottawa,5,2024-01-04,177,154.99
DISCOUNT5,CUST1081,2024-06-01,751.74,Mouse,4,Vancouver,5,2024-06-01,28,3006.96
SAVE10,CUST1082,2024-06-13,105.19,Monitor,2,Montreal,10,2024-06-13,16,210.38
WELCOME15,CUST1083,2024-04-10,833.3,Mouse,1,Montreal,15,2024-04-10,80,833.3
DISCOUNT5,CUST1084,2024-05-28,673.47,Mouse,3,Montreal,5,2024-05-28,32,2020.41
WELCOME15,CUST1085,2024-03-28,1333.8,Monitor,1,Toronto,15,2024-03-28,93,1333.8
SAVE10,CUST1086,2024-06-03,539.35,Laptop,3,Montreal,10,2024-06-03,26,1618.0500000000002
WELCOME15,CUST1087,2024-01-06,193.26,Mouse,3,Ottawa,15,2024-01-06,175,579.78
OFF20,CUST1088,2024-01-01,231.63,Keyboard,1,Vancouver,20,2024-01-01,180,231.63
,CUST1089,2024-04-13,1147.04,Keyboard,4,Calgary,0,2024-04-13,77,4588.16
DISCOUNT5,CUST1090,2024-05-23,934.96,Phone,3,Ottawa,5,2024-05-23,37,2804.88
,CUST1091,2024-03-14,169.66,Keyboard,4,Ottawa,0,2024-03-14,107,678.64
WELCOME15,CUST1092,2024-02-23,144.48,Phone,2,Montreal,15,2024-02-23,127,288.96
DISCOUNT5,CUST1093,2024-06-13,1057.43,Laptop,3,Toronto,5,2024-06-13,16,3172.29
WELCOME15,CUST1094,2024-06-01,127.69,Monitor,4,Vancouver,15,2024-06-01,28,510.76
OFF20,CUST1095,2024-05-21,1236.35,Monitor,4,Toronto,20,2024-05-21,39,4945.4
SAVE10,CUST1096,2024-02-02,1065.24,Monitor,2,Vancouver,10,2024-02-02,148,2130.48
DISCOUNT5,CUST1097,2024-05-05,140.4,Keyboard,4,Vancouver,5,2024-05-05,55,561.6
OFF20,CUST1098,2024-06-02,145.56,Laptop,4,Toronto,20,2024-06-02,27,582.24
OFF20,CUST1099,2024-06-21,1480.23,Keyboard,2,Ottawa,20,2024-06-21,8,2960.46
DISCOUNT5,CUST1100,2024-03-05,573.92,Keyboard,3,Vancouver,5,2024-03-05,116,1721.7599999999998
WELCOME15,CUST1101,2024-03-07,568.55,Laptop,4,Toronto,15,2024-03-07,114,2274.2
OFF20,CUST1102,2024-02-04,1222.94,Laptop,4,Vancouver,20,2024-02-04,146,4891.76
,CUST1103,2024-05-28,1421.93,Laptop,4,Calgary,0,2024-05-28,32,5687.72
OFF20,CUST1104,2024-01-08,1479.28,Laptop,1,Ottawa,20,2024-01-08,173,1479.28
WELCOME15,CUST1105,2024-05-18,1135.0,Monitor,2,Montreal,15,2024-05-18,42,2270.0
WELCOME15,CUST1106,2024-06-21,576.86,Headphones,1,Vancouver,15,2024-06-21,8,576.86
,CUST1107,2024-04-09,143.58,Headphones,2,Calgary,0,2024-04-09,81,287.16
OFF20,CUST1108,2024-02-07,1170.18,Laptop,3,Montreal,20,2024-02-07,143,3510.54
WELCOME15,CUST1109,2024-06-13,846.44,Headphones,3,Montreal,15,2024-06-13,16,2539.32
DISCOUNT5,CUST1110,2024-03-18,647.85,Headphones,4,Vancouver,5,2024-03-18,103,2591.4
SAVE10,CUST1111,2024-01-27,1361.4,Laptop,2,Toronto,10,2024-01-27,154,2722.8
SAVE10,CUST1112,2024-04-15,184.57,Headphones,3,Vancouver,10,2024-04-15,75,553.71
SAVE10,CUST1113,2024-01-19,749.09,Keyboard,2,Calgary,10,2024-01-19,162,1498.18
OFF20,CUST1114,2024-02-08,36.8,Phone,3,Montreal,20,2024-02-08,142,110.39999999999999
,CUST1115,2024-03-28,713.62,Phone,1,Vancouver,0,2024-03-28,93,713.62
WELCOME15,CUST1116,2024-02-10,103.33,Laptop,3,Toronto,15,2024-02-10,140,309.99
DISCOUNT5,CUST1117,2024-04-08,195.85,Monitor,1,Vancouver,5,2024-04-08,82,195.85
DISCOUNT5,CUST1118,2024-03-06,193.94,Laptop,3,Ottawa,5,2024-03-06,115,581.8199999999999
OFF20,CUST1119,2024-03-30,980.83,Monitor,4,Toronto,20,2024-03-30,91,3923.32
SAVE10,CUST1120,2024-01-16,1124.15,Phone,1,Calgary,10,2024-01-16,165,1124.15
OFF20,CUST1121,2024-01-12,883.39,Laptop,3,Montreal,20,2024-01-12,169,2650.17
,CUST1122,2024-01-28,1444.02,Mouse,4,Vancouver,0,2024-01-28,153,5776.08
,CUST1123,2024-02-21,574.81,Keyboard,1,Toronto,0,2024-02-21,129,574.81
WELCOME15,CUST1124,2024-04-18,442.85,Headphones,4,Ottawa,15,2024-04-18,72,1771.4
WELCOME15,CUST1125,2024-05-17,1305.53,Monitor,2,Toronto,15,2024-05-17,43,2611.06
,CUST1126,2024-05-26,350.92,Mouse,2,Ottawa,0,2024-05-26,34,701.84
,CUST1127,2024-04-14,1445.57,Headphones,1,Calgary,0,2024-04-14,76,1445.57
,CUST1128,2024-04-01,37.99,Headphones,3,Montreal,0,2024-04-01,89,113.97
OFF20,CUST1129,2024-01-28,1455.42,Laptop,1,Calgary,20,2024-01-28,153,1455.42
,CUST1130,2024-03-08,83.88,Headphones,4,Vancouver,0,2024-03-08,113,335.52
DISCOUNT5,CUST1131,2024-06-23,1338.89,Keyboard,3,Toronto,5,2024-06-23,6,4016.67
SAVE10,CUST1132,2024-06-15,801.0,Mouse,2,Ottawa,10,2024-06-15,14,1602.0
,CUST1133,2024-03-27,1489.59,Headphones,3,Ottawa,0,2024-03-27,94,4468.7699999999995
SAVE10,CUST1134,2024-03-18,129.22,Laptop,2,Toronto,10,2024-03-18,103,258.44
OFF20,CUST1135,2024-04-10,839.7,Keyboard,3,Toronto,20,2024-04-10,80,2519.1000000000004
SAVE10,CUST1136,2024-04-20,1454.57,Phone,3,Vancouver,10,2024-04-20,70,4363.71
OFF20,CUST1137,2024-04-03,794.18,Mouse,3,Calgary,20,2024-04-03,87,2382.54
DISCOUNT5,CUST1138,2024-04-20,951.51,Headphones,4,Ottawa,5,2024-04-20,70,3806.04
OFF20,CUST1139,2024-03-13,1049.71,Laptop,4,Vancouver,20,2024-03-13,108,4198.84
OFF20,CUST1140,2024-02-07,692.72,Phone,1,Calgary,20,2024-02-07,143,692.72
WELCOME15,CUST1141,2024-04-09,948.79,Phone,1,Vancouver,15,2024-04-09,81,948.79
,CUST1142,2024-06-26,884.79,Monitor,2,Ottawa,0,2024-06-26,3,1769.58
,CUST1143,2024-06-04,1353.71,Keyboard,4,Toronto,0,2024-06-04,25,5414.84
DISCOUNT5,CUST1144,2024-02-12,87.26,Headphones,2,Toronto,5,2024-02-12,138,174.52
DISCOUNT5,CUST1145,2024-03-20,435.83,Laptop,1,Calgary,5,2024-03-20,101,435.83
,CUST1146,2024-05-02,1426.61,Monitor,2,Montreal,0,2024-05-02,58,2853.22
WELCOME15,CUST1147,2024-01-14,1337.59,Keyboard,1,Calgary,15,2024-01-14,167,1337.59
,CUST1148,2024-01-09,694.37,Monitor,4,Montreal,0,2024-01-09,172,2777.48
WELCOME15,CUST1149,2024-04-17,937.8,Mouse,3,Vancouver,15,2024-04-17,73,2813.3999999999996
DISCOUNT5,CUST1150,2024-04-24,430.52,Keyboard,4,Vancouver,5,2024-04-24,66,1722.08
SAVE10,CUST1151,2024-01-12,298.42,Keyboard,2,Ottawa,10,2024-01-12,169,596.84
DISCOUNT5,CUST1152,2024-04-22,706.27,Headphones,2,Montreal,5,2024-04-22,68,1412.54
DISCOUNT5,CUST1153,2024-05-25,542.96,Keyboard,4,Ottawa,5,2024-05-25,35,2171.84
OFF20,CUST1154,2024-03-28,883.81,Monitor,4,Toronto,20,2024-03-28,93,3535.24
OFF20,CUST1155,2024-01-08,135.05,Keyboard,1,Montreal,20,2024-01-08,173,135.05
OFF20,CUST1156,2024-02-06,1462.1,Headphones,2,Calgary,20,2024-02-06,144,2924.2
OFF20,CUST1157,2024-03-05,1479.59,Headphones,2,Toronto,20,2024-03-05,116,2959.18
WELCOME15,CUST1158,2024-03-01,1053.28,Mouse,4,Toronto,15,2024-03-01,120,4213.12
,CUST1159,2024-03-13,813.42,Monitor,3,Calgary,0,2024-03-13,108,2440.2599999999998
SAVE10,CUST1160,2024-01-13,478.1,Phone,2,Toronto,10,2024-01-13,168,956.2
DISCOUNT5,CUST1161,2024-03-24,1224.42,Phone,3,Montreal,5,2024-03-24,97,3673.26
WELCOME15,CUST1162,2024-04-16,1033.4,Keyboard,4,Ottawa,15,2024-04-16,74,4133.6
SAVE10,CUST1163,2024-06-07,260.67,Mouse,4,Toronto,10,2024-06-07,22,1042.68
WELCOME15,CUST1164,2024-05-16,1368.17,Laptop,1,Montreal,15,2024-05-16,44,1368.17
WELCOME15,CUST1165,2024-06-29,1237.36,Keyboard,2,Vancouver,15,2024-06-29,0,2474.72
DISCOUNT5,CUST1166,2024-06-24,1425.7,Mouse,3,Montreal,5,2024-06-24,5,4277.1
,CUST1167,2024-03-09,1094.06,Monitor,1,Ottawa,0,2024-03-09,112,1094.06
OFF20,CUST1168,2024-06-09,927.85,Monitor,2,Montreal,20,2024-06-09,20,1855.7
,CUST1169,2024-01-11,639.0,Monitor,1,Calgary,0,2024-01-11,170,639.0
DISCOUNT5,CUST1170,2024-04-01,1400.44,Monitor,4,Ottawa,5,2024-04-01,89,5601.76
DISCOUNT5,CUST1171,2024-03-05,1301.77,Monitor,2,Vancouver,5,2024-03-05,116,2603.54
DISCOUNT5,CUST1172,2024-05-14,86.92,Mouse,1,Calgary,5,2024-05-14,46,86.92
SAVE10,CUST1173,2024-01-18,59.02,Mouse,1,Montreal,10,2024-01-18,163,59.02
,CUST1174,2024-04-10,577.17,Headphones,3,Ottawa,0,2024-04-10,80,1731.5099999999998
,CUST1175,2024-01-13,1219.62,Phone,1,Vancouver,0,2024-01-13,168,1219.62
WELCOME15,CUST1176,2024-06-26,1481.17,Monitor,2,Calgary,15,2024-06-26,3,2962.34
WELCOME15,CUST1177,2024-04-25,242.62,Laptop,2,Vancouver,15,2024-04-25,65,485.24
WELCOME15,CUST1178,2024-06-02,899.31,Mouse,3,Montreal,15,2024-06-02,27,2697.93
DISCOUNT5,CUST1179,2024-06-12,583.72,Laptop,2,Vancouver,5,2024-06-12,17,1167.44
,CUST1180,2024-06-10,1455.47,Laptop,4,Toronto,0,2024-06-10,19,5821.88
DISCOUNT5,CUST1181,2024-02-28,1266.34,Laptop,2,Calgary,5,2024-02-28,122,2532.68
SAVE10,CUST1182,2024-04-30,1260.73,Headphones,2,Vancouver,10,2024-04-30,60,2521.46
WELCOME15,CUST1183,2024-05-28,713.67,Mouse,1,Montreal,15,2024-05-28,32,713.67
DISCOUNT5,CUST1184,2024-03-14,633.93,Laptop,1,Montreal,5,2024-03-14,107,633.93
DISCOUNT5,CUST1185,2024-05-21,424.64,Monitor,2,Vancouver,5,2024-05-21,39,849.28
SAVE10,CUST1186,2024-05-05,103.44,Keyboard,3,Montreal,10,2024-05-05,55,310.32
OFF20,CUST1187,2024-05-08,1299.79,Laptop,1,Ottawa,20,2024-05-08,52,1299.79
,CUST1188,2024-01-22,1223.09,Headphones,3,Ottawa,0,2024-01-22,159,3669.2699999999995
OFF20,CUST1189,2024-06-29,1499.58,Mouse,2,Ottawa,20,2024-06-29,0,2999.16
WELCOME15,CUST1190,2024-05-11,1495.02,Headphones,2,Toronto,15,2024-05-11,49,2990.04
DISCOUNT5,CUST1191,2024-06-15,842.04,Laptop,4,Vancouver,5,2024-06-15,14,3368.16
SAVE10,CUST1192,2024-05-01,1158.1,Mouse,1,Toronto,10,2024-05-01,59,1158.1
SAVE10,CUST1193,2024-01-29,1418.25,Keyboard,2,Montreal,10,2024-01-29,152,2836.5
,CUST1194,2024-03-23,1277.48,Laptop,4,Toronto,0,2024-03-23,98,5109.92
OFF20,CUST1195,2024-06-12,386.08,Headphones,1,Montreal,20,2024-06-12,17,386.08
,CUST1196,2024-05-11,686.81,Phone,2,Montreal,0,2024-05-11,49,1373.62
DISCOUNT5,CUST1197,2024-02-07,211.16,Monitor,2,Calgary,5,2024-02-07,143,422.32
,CUST1198,2024-06-21,1432.0,Headphones,1,Ottawa,0,2024-06-21,8,1432.0
SAVE10,CUST1199,2024-04-23,917.14,Mouse,1,Montreal,10,2024-04-23,67,917.14
SAVE10,CUST1200,2024-01-25,358.39,Laptop,1,Calgary,10,2024-01-25,156,358.39
WELCOME15,CUST1201,2024-01-05,1014.12,Monitor,2,Ottawa,15,2024-01-05,176,2028.24
WELCOME15,CUST1202,2024-02-19,934.83,Laptop,2,Montreal,15,2024-02-19,131,1869.66
DISCOUNT5,CUST1203,2024-03-22,550.08,Mouse,4,Montreal,5,2024-03-22,99,2200.32
OFF20,CUST1204,2024-02-02,188.07,Laptop,3,Toronto,20,2024-02-02,148,564.21
,CUST1205,2024-02-04,1013.93,Phone,1,Toronto,0,2024-02-04,146,1013.93
DISCOUNT5,CUST1206,2024-06-21,790.06,Monitor,2,Ottawa,5,2024-06-21,8,1580.12
WELCOME15,CUST1207,2024-04-26,1163.03,Monitor,2,Montreal,15,2024-04-26,64,2326.06
,CUST1208,2024-02-25,789.84,Mouse,1,Vancouver,0,2024-02-25,125,789.84
WELCOME15,CUST1209,2024-05-08,1281.23,Phone,3,Toronto,15,2024-05-08,52,3843.69
,CUST1210,2024-03-02,836.82,Headphones,1,Ottawa,0,2024-03-02,119,836.82
OFF20,CUST1211,2024-03-21,850.19,Laptop,3,Montreal,20,2024-03-21,100,2550.57
DISCOUNT5,CUST1212,2024-04-23,1317.45,Keyboard,2,Montreal,5,2024-04-23,67,2634.9
,CUST1213,2024-05-05,617.15,Laptop,3,Vancouver,0,2024-05-05,55,1851.4499999999998
SAVE10,CUST1214,2024-03-08,218.34,Laptop,4,Ottawa,10,2024-03-08,113,873.36
SAVE10,CUST1215,2024-03-07,62.6,Headphones,2,Montreal,10,2024-03-07,114,125.2
,CUST1216,2024-01-31,1137.6,Laptop,4,Toronto,0,2024-01-31,150,4550.4
,CUST1217,2024-06-19,938.06,Phone,1,Vancouver,0,2024-06-19,10,938.06
,CUST1218,2024-03-21,1062.04,Phone,1,Ottawa,0,2024-03-21,100,1062.04
SAVE10,CUST1219,2024-06-25,335.19,Monitor,1,Vancouver,10,2024-06-25,4,335.19
SAVE10,CUST1220,2024-02-25,221.83,Mouse,3,Toronto,10,2024-02-25,125,665.49
,CUST1221,2024-06-04,41.53,Keyboard,2,Ottawa,0,2024-06-04,25,83.06
WELCOME15,CUST1222,2024-03-08,538.87,Laptop,1,Vancouver,15,2024-03-08,113,538.87
WELCOME15,CUST1223,2024-01-13,893.08,Laptop,1,Calgary,15,2024-01-13,168,893.08
OFF20,CUST1224,2024-03-21,600.52,Headphones,2,Toronto,20,2024-03-21,100,1201.04
DISCOUNT5,CUST1225,2024-06-29,667.46,Mouse,1,Toronto,5,2024-06-29,0,667.46
WELCOME15,CUST1226,2024-05-11,1358.15,Phone,4,Toronto,15,2024-05-11,49,5432.6
SAVE10,CUST1227,2024-04-27,535.42,Keyboard,2,Calgary,10,2024-04-27,63,1070.84
WELCOME15,CUST1228,2024-03-15,780.7,Monitor,2,Calgary,15,2024-03-15,106,1561.4
OFF20,CUST1229,2024-05-22,1179.81,Phone,2,Montreal,20,2024-05-22,38,2359.62
OFF20,CUST1230,2024-03-15,606.88,Mouse,4,Vancouver,20,2024-03-15,106,2427.52
DISCOUNT5,CUST1231,2024-06-27,940.69,Monitor,2,Montreal,5,2024-06-27,2,1881.38
WELCOME15,CUST1232,2024-03-17,1296.3,Headphones,4,Vancouver,15,2024-03-17,104,5185.2
SAVE10,CUST1233,2024-02-10,1425.29,Headphones,2,Calgary,10,2024-02-10,140,2850.58
SAVE10,CUST1234,2024-05-18,237.67,Laptop,3,Calgary,10,2024-05-18,42,713.01
,CUST1235,2024-03-31,1391.35,Mouse,1,Montreal,0,2024-03-31,90,1391.35
SAVE10,CUST1236,2024-01-16,748.33,Keyboard,3,Ottawa,10,2024-01-16,165,2244.9900000000002
DISCOUNT5,CUST1237,2024-03-12,402.2,Monitor,1,Montreal,5,2024-03-12,109,402.2
DISCOUNT5,CUST1238,2024-05-23,699.52,Phone,4,Vancouver,5,2024-05-23,37,2798.08
SAVE10,CUST1239,2024-02-01,1470.45,Mouse,3,Montreal,10,2024-02-01,149,4411.35
SAVE10,CUST1240,2024-01-02,749.07,Mouse,2,Toronto,10,2024-01-02,179,1498.14
,CUST1241,2024-03-19,506.55,Headphones,1,Vancouver,0,2024-03-19,102,506.55
SAVE10,CUST1242,2024-04-16,957.43,Laptop,1,Vancouver,10,2024-04-16,74,957.43
,CUST1243,2024-03-30,375.42,Laptop,3,Ottawa,0,2024-03-30,91,1126.26
,CUST1244,2024-06-20,132.28,Monitor,4,Calgary,0,2024-06-20,9,529.12
SAVE10,CUST1245,2024-01-23,210.74,Headphones,3,Vancouver,10,2024-01-23,158,632.22
OFF20,CUST1246,2024-04-27,209.51,Mouse,4,Calgary,20,2024-04-27,63,838.04
OFF20,CUST1247,2024-03-03,244.82,Keyboard,4,Montreal,20,2024-03-03,118,979.28
,CUST1248,2024-02-15,225.46,Headphones,1,Toronto,0,2024-02-15,135,225.46
SAVE10,CUST1249,2024-03-13,968.49,Monitor,3,Ottawa,10,2024-03-13,108,2905.4700000000003
OFF20,CUST1250,2024-04-14,289.18,Monitor,3,Calgary,20,2024-04-14,76,867.54
SAVE10,CUST1251,2024-04-06,531.59,Headphones,4,Vancouver,10,2024-04-06,84,2126.36
SAVE10,CUST1252,2024-02-21,1347.25,Monitor,3,Calgary,10,2024-02-21,129,4041.75
SAVE10,CUST1253,2024-06-01,721.46,Headphones,2,Vancouver,10,2024-06-01,28,1442.92
WELCOME15,CUST1254,2024-01-25,1007.99,Phone,2,Calgary,15,2024-01-25,156,2015.98
SAVE10,CUST1255,2024-06-06,275.03,Headphones,3,Vancouver,10,2024-06-06,23,825.0899999999999
WELCOME15,CUST1256,2024-03-25,304.59,Headphones,3,Montreal,15,2024-03-25,96,913.77
,CUST1257,2024-06-05,80.49,Monitor,4,Vancouver,0,2024-06-05,24,321.96
OFF20,CUST1258,2024-05-16,270.02,Monitor,2,Vancouver,20,2024-05-16,44,540.04
OFF20,CUST1259,2024-06-12,432.31,Laptop,2,Toronto,20,2024-06-12,17,864.62
OFF20,CUST1260,2024-05-23,281.98,Laptop,1,Vancouver,20,2024-05-23,37,281.98
OFF20,CUST1261,2024-06-11,151.28,Phone,4,Toronto,20,2024-06-11,18,605.12
OFF20,CUST1262,2024-05-15,198.54,Laptop,1,Ottawa,20,2024-05-15,45,198.54
OFF20,CUST1263,2024-04-23,701.95,Headphones,2,Toronto,20,2024-04-23,67,1403.9
OFF20,CUST1264,2024-06-08,325.37,Monitor,4,Montreal,20,2024-06-08,21,1301.48
,CUST1265,2024-02-11,559.12,Laptop,3,Toronto,0,2024-02-11,139,1677.3600000000001
SAVE10,CUST1266,2024-02-28,765.06,Laptop,4,Ottawa,10,2024-02-28,122,3060.24
DISCOUNT5,CUST1267,2024-01-20,1041.78,Phone,3,Montreal,5,2024-01-20,161,3125.34
WELCOME15,CUST1268,2024-01-16,78.18,Mouse,3,Calgary,15,2024-01-16,165,234.54000000000002
DISCOUNT5,CUST1269,2024-03-10,1203.13,Phone,4,Calgary,5,2024-03-10,111,4812.52
DISCOUNT5,CUST1270,2024-04-04,949.29,Headphones,3,Toronto,5,2024-04-04,86,2847.87
SAVE10,CUST1271,2024-03-25,141.0,Monitor,1,Toronto,10,2024-03-25,96,141.0
SAVE10,CUST1272,2024-03-27,1312.9,Phone,2,Ottawa,10,2024-03-27,94,2625.8
SAVE10,CUST1273,2024-04-25,1382.89,Laptop,3,Ottawa,10,2024-04-25,65,4148.67
OFF20,CUST1274,2024-04-30,110.4,Monitor,1,Vancouver,20,2024-04-30,60,110.4
,CUST1275,2024-06-05,429.78,Monitor,3,Ottawa,0,2024-06-05,24,1289.34
OFF20,CUST1276,2024-03-01,1213.18,Laptop,2,Vancouver,20,2024-03-01,120,2426.36
,CUST1277,2024-06-16,1127.42,Phone,1,Montreal,0,2024-06-16,13,1127.42
,CUST1278,2024-02-19,293.09,Laptop,2,Toronto,0,2024-02-19,131,586.18
DISCOUNT5,CUST1279,2024-03-26,329.84,Mouse,2,Montreal,5,2024-03-26,95,659.68
DISCOUNT5,CUST1280,2024-06-13,568.3,Monitor,1,Ottawa,5,2024-06-13,16,568.3
,CUST1281,2024-03-26,737.09,Keyboard,1,Montreal,0,2024-03-26,95,737.09
,CUST1282,2024-04-19,935.02,Keyboard,1,Montreal,0,2024-04-19,71,935.02
OFF20,CUST1283,2024-01-19,565.99,Headphones,4,Montreal,20,2024-01-19,162,2263.96
OFF20,CUST1284,2024-03-31,704.55,Laptop,1,Ottawa,20,2024-03-31,90,704.55
DISCOUNT5,CUST1285,2024-06-09,1126.26,Laptop,1,Montreal,5,2024-06-09,20,1126.26
SAVE10,CUST1286,2024-06-05,74.29,Headphones,1,Vancouver,10,2024-06-05,24,74.29
,CUST1287,2024-03-13,393.61,Headphones,1,Ottawa,0,2024-03-13,108,393.61
OFF20,CUST1288,2024-04-08,1075.76,Headphones,3,Montreal,20,2024-04-08,82,3227.2799999999997
DISCOUNT5,CUST1289,2024-06-05,1344.91,Monitor,4,Ottawa,5,2024-06-05,24,5379.64
OFF20,CUST1290,2024-05-28,777.28,Mouse,2,Calgary,20,2024-05-28,32,1554.56
,CUST1291,2024-01-27,807.53,Laptop,1,Vancouver,0,2024-01-27,154,807.53
,CUST1292,2024-04-03,178.61,Monitor,3,Montreal,0,2024-04-03,87,535.83
WELCOME15,CUST1293,2024-04-09,682.17,Headphones,3,Calgary,15,2024-04-09,81,2046.5099999999998
SAVE10,CUST1294,2024-03-31,808.27,Laptop,3,Calgary,10,2024-03-31,90,2424.81
WELCOME15,CUST1295,2024-05-06,378.86,Monitor,2,Ottawa,15,2024-05-06,54,757.72
DISCOUNT5,CUST1296,2024-01-02,418.48,Mouse,1,Calgary,5,2024-01-02,179,418.48
OFF20,CUST1297,2024-01-09,578.38,Monitor,4,Vancouver,20,2024-01-09,172,2313.52
DISCOUNT5,CUST1298,2024-01-18,49.71,Mouse,4,Vancouver,5,2024-01-18,163,198.84
,CUST1299,2024-06-14,496.68,Headphones,3,Toronto,0,2024-06-14,15,1490.04
WELCOME15,CUST1300,2024-04-14,332.94,Mouse,2,Vancouver,15,2024-04-14,76,665.88
WELCOME15,CUST1301,2024-05-20,504.7,Laptop,2,Calgary,15,2024-05-20,40,1009.4
WELCOME15,CUST1302,2024-05-13,197.25,Headphones,2,Vancouver,15,2024-05-13,47,394.5
DISCOUNT5,CUST1303,2024-01-12,1337.98,Laptop,4,Ottawa,5,2024-01-12,169,5351.92
,CUST1304,2024-01-09,898.52,Keyboard,3,Toronto,0,2024-01-09,172,2695.56
OFF20,CUST1305,2024-04-18,1025.07,Phone,1,Calgary,20,2024-04-18,72,1025.07
OFF20,CUST1306,2024-04-24,1187.97,Mouse,4,Toronto,20,2024-04-24,66,4751.88
DISCOUNT5,CUST1307,2024-03-15,757.69,Phone,3,Calgary,5,2024-03-15,106,2273.07
WELCOME15,CUST1308,2024-05-01,148.64,Phone,3,Ottawa,15,2024-05-01,59,445.91999999999996
SAVE10,CUST1309,2024-01-31,814.92,Mouse,1,Toronto,10,2024-01-31,150,814.92
DISCOUNT5,CUST1310,2024-04-09,888.52,Headphones,1,Montreal,5,2024-04-09,81,888.52
DISCOUNT5,CUST1311,2024-01-10,1123.25,Keyboard,1,Calgary,5,2024-01-10,171,1123.25
,CUST1312,2024-03-15,658.86,Laptop,2,Montreal,0,2024-03-15,106,1317.72
OFF20,CUST1313,2024-01-20,208.82,Monitor,1,Toronto,20,2024-01-20,161,208.82
DISCOUNT5,CUST1314,2024-03-02,439.99,Laptop,3,Montreal,5,2024-03-02,119,1319.97
DISCOUNT5,CUST1315,2024-04-17,557.36,Monitor,1,Montreal,5,2024-04-17,73,557.36
WELCOME15,CUST1316,2024-02-19,975.96,Laptop,3,Toronto,15,2024-02-19,131,2927.88
WELCOME15,CUST1317,2024-04-30,864.75,Mouse,4,Ottawa,15,2024-04-30,60,3459.0
SAVE10,CUST1318,2024-05-19,547.02,Keyboard,2,Montreal,10,2024-05-19,41,1094.04
,CUST1319,2024-04-14,1480.04,Monitor,4,Montreal,0,2024-04-14,76,5920.16
SAVE10,CUST1320,2024-01-09,916.55,Headphones,4,Ottawa,10,2024-01-09,172,3666.2
WELCOME15,CUST1321,2024-01-06,371.1,Laptop,3,Montreal,15,2024-01-06,175,1113.3000000000002
OFF20,CUST1322,2024-02-29,170.64,Laptop,4,Montreal,20,2024-02-29,121,682.56
WELCOME15,CUST1323,2024-03-30,246.23,Monitor,3,Montreal,15,2024-03-30,91,738.6899999999999
,CUST1324,2024-03-18,384.02,Headphones,1,Vancouver,0,2024-03-18,103,384.02
WELCOME15,CUST1325,2024-05-01,257.81,Headphones,1,Ottawa,15,2024-05-01,59,257.81
,CUST1326,2024-06-24,296.12,Mouse,3,Montreal,0,2024-06-24,5,888.36
,CUST1327,2024-01-07,441.94,Mouse,1,Ottawa,0,2024-01-07,174,441.94
,CUST1328,2024-05-30,276.59,Mouse,2,Calgary,0,2024-05-30,30,553.18
,CUST1329,2024-06-28,1347.21,Mouse,4,Calgary,0,2024-06-28,1,5388.84
,CUST1330,2024-06-29,138.75,Mouse,2,Montreal,0,2024-06-29,0,277.5
OFF20,CUST1331,2024-03-03,796.28,Mouse,4,Ottawa,20,2024-03-03,118,3185.12
SAVE10,CUST1332,2024-01-19,627.39,Keyboard,1,Ottawa,10,2024-01-19,162,627.39
DISCOUNT5,CUST1333,2024-03-09,1473.92,Headphones,2,Ottawa,5,2024-03-09,112,2947.84
SAVE10,CUST1334,2024-06-08,185.82,Mouse,1,Vancouver,10,2024-06-08,21,185.82
,CUST1335,2024-02-05,608.83,Headphones,4,Calgary,0,2024-02-05,145,2435.32
OFF20,CUST1336,2024-05-01,1454.82,Headphones,3,Ottawa,20,2024-05-01,59,4364.46
WELCOME15,CUST1337,2024-02-11,1300.95,Phone,3,Ottawa,15,2024-02-11,139,3902.8500000000004
OFF20,CUST1338,2024-04-13,1229.27,Keyboard,2,Vancouver,20,2024-04-13,77,2458.54
,CUST1339,2024-03-25,401.7,Mouse,1,Vancouver,0,2024-03-25,96,401.7
OFF20,CUST1340,2024-05-01,272.91,Laptop,1,Ottawa,20,2024-05-01,59,272.91
OFF20,CUST1341,2024-03-30,1009.59,Monitor,2,Toronto,20,2024-03-30,91,2019.18
,CUST1342,2024-06-05,1395.48,Laptop,3,Ottawa,0,2024-06-05,24,4186.4400000000005
OFF20,CUST1343,2024-02-01,844.01,Keyboard,4,Ottawa,20,2024-02-01,149,3376.04
DISCOUNT5,CUST1344,2024-03-21,865.99,Monitor,2,Vancouver,5,2024-03-21,100,1731.98
DISCOUNT5,CUST1345,2024-05-10,434.37,Keyboard,4,Vancouver,5,2024-05-10,50,1737.48
OFF20,CUST1346,2024-03-28,1158.85,Headphones,3,Ottawa,20,2024-03-28,93,3476.5499999999997
WELCOME15,CUST1347,2024-04-17,296.82,Monitor,1,Ottawa,15,2024-04-17,73,296.82
,CUST1348,2024-06-13,499.05,Headphones,3,Ottawa,0,2024-06-13,16,1497.15
DISCOUNT5,CUST1349,2024-06-29,649.65,Laptop,2,Vancouver,5,2024-06-29,0,1299.3
WELCOME15,CUST1350,2024-04-20,771.26,Laptop,1,Ottawa,15,2024-04-20,70,771.26
OFF20,CUST1351,2024-01-17,378.77,Monitor,2,Ottawa,20,2024-01-17,164,757.54
WELCOME15,CUST1352,2024-02-22,189.96,Monitor,2,Montreal,15,2024-02-22,128,379.92
SAVE10,CUST1353,2024-04-24,923.72,Mouse,3,Toronto,10,2024-04-24,66,2771.16
DISCOUNT5,CUST1354,2024-02-24,447.17,Keyboard,2,Calgary,5,2024-02-24,126,894.34
OFF20,CUST1355,2024-05-19,880.23,Mouse,3,Toronto,20,2024-05-19,41,2640.69
,CUST1356,2024-02-23,248.46,Keyboard,1,Montreal,0,2024-02-23,127,248.46
OFF20,CUST1357,2024-03-22,732.09,Mouse,3,Calgary,20,2024-03-22,99,2196.27
,CUST1358,2024-03-18,808.23,Headphones,1,Ottawa,0,2024-03-18,103,808.23
OFF20,CUST1359,2024-05-14,96.7,Monitor,3,Montreal,20,2024-05-14,46,290.1
WELCOME15,CUST1360,2024-04-28,518.17,Laptop,4,Ottawa,15,2024-04-28,62,2072.68
WELCOME15,CUST1361,2024-03-15,218.93,Keyboard,4,Vancouver,15,2024-03-15,106,875.72
WELCOME15,CUST1362,2024-05-20,113.79,Keyboard,2,Montreal,15,2024-05-20,40,227.58
SAVE10,CUST1363,2024-03-03,1485.14,Laptop,3,Vancouver,10,2024-03-03,118,4455.42
,CUST1364,2024-04-09,497.08,Mouse,3,Montreal,0,2024-04-09,81,1491.24
WELCOME15,CUST1365,2024-04-19,1218.61,Keyboard,1,Montreal,15,2024-04-19,71,1218.61
SAVE10,CUST1366,2024-01-08,396.87,Headphones,2,Vancouver,10,2024-01-08,173,793.74
,CUST1367,2024-04-18,1028.62,Monitor,3,Calgary,0,2024-04-18,72,3085.8599999999997
OFF20,CUST1368,2024-04-27,1145.14,Laptop,2,Toronto,20,2024-04-27,63,2290.28
SAVE10,CUST1369,2024-06-19,901.55,Monitor,4,Ottawa,10,2024-06-19,10,3606.2
DISCOUNT5,CUST1370,2024-03-20,717.93,Keyboard,3,Montreal,5,2024-03-20,101,2153.79
SAVE10,CUST1371,2024-04-02,629.52,Keyboard,3,Ottawa,10,2024-04-02,88,1888.56
SAVE10,CUST1372,2024-02-09,536.33,Laptop,2,Vancouver,10,2024-02-09,141,1072.66
,CUST1373,2024-04-08,1395.7,Headphones,3,Ottawa,0,2024-04-08,82,4187.1
OFF20,CUST1374,2024-06-05,1249.32,Phone,2,Vancouver,20,2024-06-05,24,2498.64
DISCOUNT5,CUST1375,2024-03-19,1448.24,Laptop,3,Ottawa,5,2024-03-19,102,4344.72
WELCOME15,CUST1376,2024-03-12,203.96,Phone,1,Toronto,15,2024-03-12,109,203.96
WELCOME15,CUST1377,2024-06-12,1101.68,Mouse,2,Toronto,15,2024-06-12,17,2203.36
SAVE10,CUST1378,2024-02-29,1408.74,Phone,3,Toronto,10,2024-02-29,121,4226.22
,CUST1379,2024-05-21,288.22,Headphones,4,Toronto,0,2024-05-21,39,1152.88
,CUST1380,2024-03-12,118.41,Mouse,3,Toronto,0,2024-03-12,109,355.23
WELCOME15,CUST1381,2024-03-04,1116.86,Phone,4,Toronto,15,2024-03-04,117,4467.44
DISCOUNT5,CUST1382,2024-06-05,870.22,Mouse,4,Vancouver,5,2024-06-05,24,3480.88
OFF20,CUST1383,2024-02-08,1265.91,Phone,1,Montreal,20,2024-02-08,142,1265.91
DISCOUNT5,CUST1384,2024-06-28,226.86,Headphones,2,Ottawa,5,2024-06-28,1,453.72
OFF20,CUST1385,2024-05-21,1197.0,Phone,3,Toronto,20,2024-05-21,39,3591.0
WELCOME15,CUST1386,2024-06-27,318.41,Phone,1,Vancouver,15,2024-06-27,2,318.41
OFF20,CUST1387,2024-06-13,262.21,Phone,3,Vancouver,20,2024-06-13,16,786.6299999999999
,CUST1388,2024-01-16,263.11,Laptop,4,Vancouver,0,2024-01-16,165,1052.44
SAVE10,CUST1389,2024-06-24,1225.57,Laptop,2,Montreal,10,2024-06-24,5,2451.14
SAVE10,CUST1390,2024-06-16,1004.49,Laptop,3,Ottawa,10,2024-06-16,13,3013.4700000000003
WELCOME15,CUST1391,2024-03-06,794.14,Headphones,3,Montreal,15,2024-03-06,115,2382.42
,CUST1392,2024-03-27,551.07,Mouse,4,Calgary,0,2024-03-27,94,2204.28
DISCOUNT5,CUST1393,2024-04-01,1318.26,Keyboard,3,Vancouver,5,2024-04-01,89,3954.7799999999997
,CUST1394,2024-06-22,600.82,Phone,3,Calgary,0,2024-06-22,7,1802.46
SAVE10,CUST1395,2024-01-07,1228.57,Phone,4,Toronto,10,2024-01-07,174,4914.28
SAVE10,CUST1396,2024-03-04,669.92,Headphones,1,Toronto,10,2024-03-04,117,669.92
,CUST1397,2024-03-27,577.88,Phone,4,Montreal,0,2024-03-27,94,2311.52
,CUST1398,2024-01-18,704.77,Laptop,1,Ottawa,0,2024-01-18,163,704.77
SAVE10,CUST1399,2024-03-16,466.04,Keyboard,2,Calgary,10,2024-03-16,105,932.08
DISCOUNT5,CUST1400,2024-05-01,1126.46,Monitor,1,Ottawa,5,2024-05-01,59,1126.46
WELCOME15,CUST1401,2024-05-18,764.03,Phone,1,Montreal,15,2024-05-18,42,764.03
WELCOME15,CUST1402,2024-03-21,363.67,Laptop,2,Toronto,15,2024-03-21,100,727.34
,CUST1403,2024-01-18,1351.37,Monitor,1,Ottawa,0,2024-01-18,163,1351.37
WELCOME15,CUST1404,2024-05-13,588.16,Keyboard,4,Ottawa,15,2024-05-13,47,2352.64
SAVE10,CUST1405,2024-06-28,824.46,Monitor,1,Toronto,10,2024-06-28,1,824.46
SAVE10,CUST1406,2024-02-17,1361.58,Laptop,2,Calgary,10,2024-02-17,133,2723.16
,CUST1407,2024-06-18,943.87,Mouse,4,Toronto,0,2024-06-18,11,3775.48
,CUST1408,2024-04-15,193.01,Mouse,2,Ottawa,0,2024-04-15,75,386.02
,CUST1409,2024-03-24,1410.95,Monitor,2,Calgary,0,2024-03-24,97,2821.9
DISCOUNT5,CUST1410,2024-04-25,949.01,Headphones,3,Calgary,5,2024-04-25,65,2847.0299999999997
WELCOME15,CUST1411,2024-03-18,515.66,Monitor,3,Toronto,15,2024-03-18,103,1546.98
,CUST1412,2024-04-06,226.12,Phone,2,Ottawa,0,2024-04-06,84,452.24
OFF20,CUST1413,2024-06-12,1195.16,Phone,2,Montreal,20,2024-06-12,17,2390.32
OFF20,CUST1414,2024-02-27,937.71,Mouse,2,Ottawa,20,2024-02-27,123,1875.42
SAVE10,CUST1415,2024-03-10,809.52,Headphones,3,Vancouver,10,2024-03-10,111,2428.56
WELCOME15,CUST1416,2024-02-27,1342.96,Laptop,3,Montreal,15,2024-02-27,123,4028.88
,CUST1417,2024-05-25,1187.12,Phone,1,Calgary,0,2024-05-25,35,1187.12
OFF20,CUST1418,2024-02-04,244.48,Mouse,1,Montreal,20,2024-02-04,146,244.48
WELCOME15,CUST1419,2024-06-11,481.35,Keyboard,2,Calgary,15,2024-06-11,18,962.7
SAVE10,CUST1420,2024-05-25,387.76,Mouse,4,Calgary,10,2024-05-25,35,1551.04
DISCOUNT5,CUST1421,2024-04-01,1121.04,Phone,4,Montreal,5,2024-04-01,89,4484.16
WELCOME15,CUST1422,2024-06-08,69.63,Phone,3,Calgary,15,2024-06-08,21,208.89
WELCOME15,CUST1423,2024-03-16,863.44,Mouse,3,Calgary,15,2024-03-16,105,2590.32
DISCOUNT5,CUST1424,2024-04-02,1148.44,Laptop,3,Vancouver,5,2024-04-02,88,3445.32
WELCOME15,CUST1425,2024-03-28,1317.61,Monitor,2,Ottawa,15,2024-03-28,93,2635.22
SAVE10,CUST1426,2024-06-16,526.28,Phone,4,Ottawa,10,2024-06-16,13,2105.12
SAVE10,CUST1427,2024-01-06,1235.46,Mouse,1,Vancouver,10,2024-01-06,175,1235.46
DISCOUNT5,CUST1428,2024-04-14,183.73,Mouse,2,Montreal,5,2024-04-14,76,367.46
,CUST1429,2024-04-17,1272.75,Headphones,1,Toronto,0,2024-04-17,73,1272.75
OFF20,CUST1430,2024-01-07,208.68,Monitor,1,Toronto,20,2024-01-07,174,208.68
,CUST1431,2024-02-22,607.99,Keyboard,2,Toronto,0,2024-02-22,128,1215.98
WELCOME15,CUST1432,2024-05-14,1200.0,Laptop,1,Vancouver,15,2024-05-14,46,1200.0
OFF20,CUST1433,2024-02-21,241.88,Keyboard,4,Vancouver,20,2024-02-21,129,967.52
DISCOUNT5,CUST1434,2024-05-27,359.29,Monitor,1,Calgary,5,2024-05-27,33,359.29
DISCOUNT5,CUST1435,2024-06-24,1088.93,Monitor,4,Toronto,5,2024-06-24,5,4355.72
OFF20,CUST1436,2024-01-07,1085.65,Monitor,4,Montreal,20,2024-01-07,174,4342.6
SAVE10,CUST1437,2024-02-17,968.9,Keyboard,4,Montreal,10,2024-02-17,133,3875.6
OFF20,CUST1438,2024-04-21,1047.04,Monitor,3,Toronto,20,2024-04-21,69,3141.12
WELCOME15,CUST1439,2024-05-30,823.23,Mouse,1,Toronto,15,2024-05-30,30,823.23
SAVE10,CUST1440,2024-06-29,392.66,Keyboard,2,Toronto,10,2024-06-29,0,785.32
DISCOUNT5,CUST1441,2024-04-03,531.63,Monitor,2,Vancouver,5,2024-04-03,87,1063.26
OFF20,CUST1442,2024-04-08,288.76,Mouse,1,Vancouver,20,2024-04-08,82,288.76
,CUST1443,2024-03-30,1364.51,Headphones,3,Vancouver,0,2024-03-30,91,4093.5299999999997
,CUST1444,2024-01-09,883.42,Monitor,3,Ottawa,0,2024-01-09,172,2650.2599999999998
WELCOME15,CUST1445,2024-04-22,613.26,Keyboard,4,Montreal,15,2024-04-22,68,2453.04
,CUST1446,2024-01-06,703.77,Phone,1,Montreal,0,2024-01-06,175,703.77
OFF20,CUST1447,2024-04-16,1421.98,Monitor,1,Calgary,20,2024-04-16,74,1421.98
OFF20,CUST1448,2024-03-23,246.96,Phone,2,Vancouver,20,2024-03-23,98,493.92
,CUST1449,2024-01-03,887.62,Mouse,1,Ottawa,0,2024-01-03,178,887.62
OFF20,CUST1450,2024-02-26,768.72,Headphones,3,Ottawa,20,2024-02-26,124,2306.16
WELCOME15,CUST1451,2024-02-26,924.95,Laptop,1,Montreal,15,2024-02-26,124,924.95
SAVE10,CUST1452,2024-01-21,46.8,Headphones,2,Vancouver,10,2024-01-21,160,93.6
WELCOME15,CUST1453,2024-02-19,1310.74,Monitor,4,Calgary,15,2024-02-19,131,5242.96
WELCOME15,CUST1454,2024-02-12,1399.54,Phone,2,Vancouver,15,2024-02-12,138,2799.08
OFF20,CUST1455,2024-03-13,856.4,Phone,2,Toronto,20,2024-03-13,108,1712.8
SAVE10,CUST1456,2024-04-06,1051.04,Keyboard,4,Vancouver,10,2024-04-06,84,4204.16
OFF20,CUST1457,2024-02-05,1385.3,Phone,2,Toronto,20,2024-02-05,145,2770.6
DISCOUNT5,CUST1458,2024-02-26,1066.71,Keyboard,2,Toronto,5,2024-02-26,124,2133.42
OFF20,CUST1459,2024-02-06,245.76,Mouse,1,Calgary,20,2024-02-06,144,245.76
OFF20,CUST1460,2024-05-14,872.91,Laptop,1,Montreal,20,2024-05-14,46,872.91
OFF20,CUST1461,2024-04-15,917.94,Monitor,4,Vancouver,20,2024-04-15,75,3671.76
SAVE10,CUST1462,2024-04-19,647.71,Keyboard,1,Toronto,10,2024-04-19,71,647.71
OFF20,CUST1463,2024-02-19,1109.94,Laptop,1,Vancouver,20,2024-02-19,131,1109.94
SAVE10,CUST1464,2024-01-24,1402.86,Phone,2,Montreal,10,2024-01-24,157,2805.72
,CUST1465,2024-02-02,1389.84,Phone,3,Montreal,0,2024-02-02,148,4169.5199999999995
DISCOUNT5,CUST1466,2024-05-23,687.24,Laptop,1,Ottawa,5,2024-05-23,37,687.24
SAVE10,CUST1467,2024-05-13,187.59,Phone,3,Montreal,10,2024-05-13,47,562.77
,CUST1468,2024-04-30,1477.56,Mouse,1,Calgary,0,2024-04-30,60,1477.56
SAVE10,CUST1469,2024-03-22,1261.57,Mouse,1,Toronto,10,2024-03-22,99,1261.57
SAVE10,CUST1470,2024-06-27,204.5,Laptop,4,Ottawa,10,2024-06-27,2,818.0
DISCOUNT5,CUST1471,2024-03-15,1382.85,Keyboard,4,Calgary,5,2024-03-15,106,5531.4
WELCOME15,CUST1472,2024-06-16,1307.45,Keyboard,4,Vancouver,15,2024-06-16,13,5229.8
WELCOME15,CUST1473,2024-05-04,787.88,Laptop,3,Toronto,15,2024-05-04,56,2363.64
SAVE10,CUST1474,2024-02-28,895.09,Keyboard,2,Montreal,10,2024-02-28,122,1790.18
OFF20,CUST1475,2024-05-20,610.52,Keyboard,1,Toronto,20,2024-05-20,40,610.52
,CUST1476,2024-02-12,101.05,Mouse,1,Vancouver,0,2024-02-12,138,101.05
OFF20,CUST1477,2024-03-02,516.09,Keyboard,1,Ottawa,20,2024-03-02,119,516.09
OFF20,CUST1478,2024-01-19,1208.22,Headphones,3,Ottawa,20,2024-01-19,162,3624.66
SAVE10,CUST1479,2024-03-22,26.86,Monitor,4,Ottawa,10,2024-03-22,99,107.44
SAVE10,CUST1480,2024-03-21,513.58,Phone,2,Montreal,10,2024-03-21,100,1027.16
SAVE10,CUST1481,2024-03-01,609.29,Headphones,3,Calgary,10,2024-03-01,120,1827.87
SAVE10,CUST1482,2024-02-25,815.35,Keyboard,4,Calgary,10,2024-02-25,125,3261.4
WELCOME15,CUST1483,2024-04-20,1381.39,Mouse,3,Toronto,15,2024-04-20,70,4144.17
SAVE10,CUST1484,2024-02-08,532.59,Laptop,2,Montreal,10,2024-02-08,142,1065.18
WELCOME15,CUST1485,2024-02-17,533.49,Keyboard,4,Ottawa,15,2024-02-17,133,2133.96
WELCOME15,CUST1486,2024-03-27,1111.5,Mouse,3,Ottawa,15,2024-03-27,94,3334.5
SAVE10,CUST1487,2024-02-21,689.28,Monitor,2,Vancouver,10,2024-02-21,129,1378.56
DISCOUNT5,CUST1488,2024-03-04,352.42,Keyboard,1,Vancouver,5,2024-03-04,117,352.42
,CUST1489,2024-04-28,689.61,Laptop,2,Ottawa,0,2024-04-28,62,1379.22
OFF20,CUST1490,2024-02-26,228.47,Mouse,1,Ottawa,20,2024-02-26,124,228.47
WELCOME15,CUST1491,2024-06-19,281.05,Mouse,3,Montreal,15,2024-06-19,10,843.1500000000001
,CUST1492,2024-05-04,757.58,Mouse,4,Calgary,0,2024-05-04,56,3030.32
DISCOUNT5,CUST1493,2024-03-15,640.01,Monitor,4,Vancouver,5,2024-03-15,106,2560.04
OFF20,CUST1494,2024-03-11,1373.97,Keyboard,3,Calgary,20,2024-03-11,110,4121.91
OFF20,CUST1495,2024-03-27,556.34,Monitor,4,Montreal,20,2024-03-27,94,2225.36
WELCOME15,CUST1496,2024-03-13,879.27,Phone,4,Ottawa,15,2024-03-13,108,3517.08
SAVE10,CUST1497,2024-06-13,955.75,Phone,1,Calgary,10,2024-06-13,16,955.75
DISCOUNT5,CUST1498,2024-03-07,39.38,Keyboard,3,Ottawa,5,2024-03-07,114,118.14000000000001
WELCOME15,CUST1499,2024-06-25,1002.04,Monitor,2,Ottawa,15,2024-06-25,4,2004.08
,CUST001,2023-11-24,50.0,Beauty,3,,0,2023-11-24,218,150.0
,CUST002,2023-02-27,500.0,Clothing,2,,0,2023-02-27,488,1000.0
,CUST003,2023-01-13,30.0,Electronics,1,,0,2023-01-13,533,30.0
,CUST004,2023-05-21,500.0,Clothing,1,,0,2023-05-21,405,500.0
,CUST005,2023-05-06,50.0,Beauty,2,,0,2023-05-06,420,100.0
,CUST006,2023-04-25,30.0,Beauty,1,,0,2023-04-25,431,30.0
,CUST007,2023-03-13,25.0,Clothing,2,,0,2023-03-13,474,50.0
,CUST008,2023-02-22,25.0,Electronics,4,,0,2023-02-22,493,100.0
,CUST009,2023-12-13,300.0,Electronics,2,,0,2023-12-13,199,600.0
,CUST010,2023-10-07,50.0,Clothing,4,,0,2023-10-07,266,200.0
,CUST011,2023-02-14,50.0,Clothing,2,,0,2023-02-14,501,100.0
,CUST012,2023-10-30,25.0,Beauty,3,,0,2023-10-30,243,75.0
,CUST013,2023-08-05,500.0,Electronics,3,,0,2023-08-05,329,1500.0
,CUST014,2023-01-17,30.0,Clothing,4,,0,2023-01-17,529,120.0
,CUST015,2023-01-16,500.0,Electronics,4,,0,2023-01-16,530,2000.0
,CUST016,2023-02-17,500.0,Clothing,3,,0,2023-02-17,498,1500.0
,CUST017,2023-04-22,25.0,Clothing,4,,0,2023-04-22,434,100.0
,CUST018,2023-04-30,25.0,Electronics,2,,0,2023-04-30,426,50.0
,CUST019,2023-09-16,25.0,Clothing,2,,0,2023-09-16,287,50.0
,CUST020,2023-11-05,300.0,Clothing,3,,0,2023-11-05,237,900.0
,CUST021,2023-01-14,500.0,Beauty,1,,0,2023-01-14,532,500.0
,CUST022,2023-10-15,50.0,Clothing,2,,0,2023-10-15,258,100.0
,CUST023,2023-04-12,30.0,Clothing,4,,0,2023-04-12,444,120.0
,CUST024,2023-11-29,300.0,Clothing,1,,0,2023-11-29,213,300.0
,CUST025,2023-12-26,50.0,Beauty,1,,0,2023-12-26,186,50.0
,CUST026,2023-10-07,500.0,Electronics,2,,0,2023-10-07,266,1000.0
,CUST027,2023-08-03,25.0,Beauty,2,,0,2023-08-03,331,50.0
,CUST028,2023-04-23,500.0,Beauty,1,,0,2023-04-23,433,500.0
,CUST029,2023-08-18,30.0,Electronics,1,,0,2023-08-18,316,30.0
,CUST030,2023-10-29,300.0,Beauty,3,,0,2023-10-29,244,900.0
,CUST031,2023-05-23,300.0,Electronics,4,,0,2023-05-23,403,1200.0
,CUST032,2023-01-04,30.0,Beauty,3,,0,2023-01-04,542,90.0
,CUST033,2023-03-23,50.0,Electronics,2,,0,2023-03-23,464,100.0
,CUST034,2023-12-24,50.0,Clothing,3,,0,2023-12-24,188,150.0
,CUST035,2023-08-05,300.0,Beauty,3,,0,2023-08-05,329,900.0
,CUST036,2023-06-24,300.0,Beauty,3,,0,2023-06-24,371,900.0
,CUST037,2023-05-23,25.0,Beauty,3,,0,2023-05-23,403,75.0
,CUST038,2023-03-21,50.0,Beauty,4,,0,2023-03-21,466,200.0
,CUST039,2023-04-21,30.0,Clothing,4,,0,2023-04-21,435,120.0
,CUST040,2023-06-22,50.0,Beauty,1,,0,2023-06-22,373,50.0
,CUST041,2023-02-22,25.0,Clothing,2,,0,2023-02-22,493,50.0
,CUST042,2023-02-17,300.0,Clothing,3,,0,2023-02-17,498,900.0
,CUST043,2023-07-14,300.0,Clothing,1,,0,2023-07-14,351,300.0
,CUST044,2023-02-19,25.0,Clothing,1,,0,2023-02-19,496,25.0
,CUST045,2023-07-03,30.0,Electronics,1,,0,2023-07-03,362,30.0
,CUST046,2023-06-26,300.0,Electronics,4,,0,2023-06-26,369,1200.0
,CUST047,2023-11-06,500.0,Beauty,3,,0,2023-11-06,236,1500.0
,CUST048,2023-05-16,300.0,Electronics,3,,0,2023-05-16,410,900.0
,CUST049,2023-01-23,500.0,Electronics,2,,0,2023-01-23,523,1000.0
,CUST050,2023-08-24,25.0,Beauty,3,,0,2023-08-24,310,75.0
,CUST051,2023-10-02,25.0,Beauty,3,,0,2023-10-02,271,75.0
,CUST052,2023-03-05,300.0,Beauty,1,,0,2023-03-05,482,300.0
,CUST053,2023-07-13,50.0,Electronics,2,,0,2023-07-13,352,100.0
,CUST054,2023-02-10,500.0,Electronics,3,,0,2023-02-10,505,1500.0
,CUST055,2023-10-10,30.0,Beauty,4,,0,2023-10-10,263,120.0
,CUST056,2023-05-31,300.0,Clothing,3,,0,2023-05-31,395,900.0
,CUST057,2023-11-18,30.0,Beauty,1,,0,2023-11-18,224,30.0
,CUST058,2023-11-13,300.0,Clothing,4,,0,2023-11-13,229,1200.0
,CUST059,2023-07-05,50.0,Clothing,1,,0,2023-07-05,360,50.0
,CUST060,2023-10-23,50.0,Beauty,3,,0,2023-10-23,250,150.0
,CUST061,2023-04-09,50.0,Beauty,4,,0,2023-04-09,447,200.0
,CUST062,2023-12-27,50.0,Beauty,2,,0,2023-12-27,185,100.0
,CUST063,2023-02-05,25.0,Electronics,2,,0,2023-02-05,510,50.0
,CUST064,2023-01-24,25.0,Clothing,4,,0,2023-01-24,522,100.0
,CUST065,2023-12-05,500.0,Electronics,4,,0,2023-12-05,207,2000.0
,CUST066,2023-04-27,30.0,Electronics,1,,0,2023-04-27,429,30.0
,CUST067,2023-05-29,300.0,Beauty,4,,0,2023-05-29,397,1200.0
,CUST068,2023-02-10,300.0,Electronics,1,,0,2023-02-10,505,300.0
,CUST069,2023-04-30,25.0,Beauty,3,,0,2023-04-30,426,75.0
,CUST070,2023-02-21,300.0,Clothing,1,,0,2023-02-21,494,300.0
,CUST071,2023-07-14,25.0,Beauty,4,,0,2023-07-14,351,100.0
,CUST072,2023-05-23,500.0,Electronics,4,,0,2023-05-23,403,2000.0
,CUST073,2023-08-21,30.0,Electronics,3,,0,2023-08-21,313,90.0
,CUST074,2023-11-22,500.0,Beauty,4,,0,2023-11-22,220,2000.0
,CUST075,2023-07-06,50.0,Beauty,4,,0,2023-07-06,359,200.0
,CUST076,2023-03-25,50.0,Electronics,2,,0,2023-03-25,462,100.0
,CUST077,2023-07-09,50.0,Clothing,2,,0,2023-07-09,356,100.0
,CUST078,2023-07-01,500.0,Clothing,3,,0,2023-07-01,364,1500.0
,CUST079,2023-04-18,300.0,Beauty,1,,0,2023-04-18,438,300.0
,CUST080,2023-12-10,30.0,Clothing,2,,0,2023-12-10,202,60.0
,CUST081,2023-05-17,50.0,Electronics,1,,0,2023-05-17,409,50.0
,CUST082,2023-12-26,50.0,Beauty,4,,0,2023-12-26,186,200.0
,CUST083,2023-12-16,50.0,Electronics,2,,0,2023-12-16,196,100.0
,CUST084,2023-11-28,30.0,Electronics,3,,0,2023-11-28,214,90.0
,CUST085,2023-02-06,50.0,Clothing,3,,0,2023-02-06,509,150.0
,CUST086,2023-11-08,30.0,Beauty,3,,0,2023-11-08,234,90.0
,CUST087,2023-11-22,50.0,Beauty,2,,0,2023-11-22,220,100.0
,CUST088,2023-03-29,500.0,Clothing,1,,0,2023-03-29,458,500.0
,CUST089,2023-10-01,500.0,Electronics,4,,0,2023-10-01,272,2000.0
,CUST090,2023-05-06,30.0,Electronics,1,,0,2023-05-06,420,30.0
,CUST091,2023-03-25,500.0,Electronics,1,,0,2023-03-25,462,500.0
,CUST092,2023-08-25,30.0,Electronics,4,,0,2023-08-25,309,120.0
,CUST093,2023-07-14,500.0,Beauty,4,,0,2023-07-14,351,2000.0
,CUST094,2023-05-19,500.0,Beauty,2,,0,2023-05-19,407,1000.0
,CUST095,2023-11-24,30.0,Clothing,2,,0,2023-11-24,218,60.0
,CUST096,2023-12-19,300.0,Clothing,2,,0,2023-12-19,193,600.0
,CUST097,2023-10-13,500.0,Beauty,2,,0,2023-10-13,260,1000.0
,CUST098,2023-04-23,50.0,Beauty,2,,0,2023-04-23,433,100.0
,CUST099,2023-12-17,300.0,Electronics,4,,0,2023-12-17,195,1200.0
,CUST100,2023-06-16,30.0,Electronics,1,,0,2023-06-16,379,30.0
,CUST101,2023-01-29,300.0,Clothing,2,,0,2023-01-29,517,600.0
,CUST102,2023-04-28,25.0,Beauty,2,,0,2023-04-28,428,50.0
,CUST103,2023-01-17,25.0,Clothing,1,,0,2023-01-17,529,25.0
,CUST104,2023-06-11,500.0,Beauty,2,,0,2023-06-11,384,1000.0
,CUST105,2023-07-25,500.0,Electronics,1,,0,2023-07-25,340,500.0
,CUST106,2023-05-18,50.0,Clothing,1,,0,2023-05-18,408,50.0
,CUST107,2023-02-03,300.0,Clothing,4,,0,2023-02-03,512,1200.0
,CUST108,2023-04-19,25.0,Beauty,3,,0,2023-04-19,437,75.0
,CUST109,2023-10-18,500.0,Electronics,4,,0,2023-10-18,255,2000.0
,CUST110,2023-06-11,300.0,Clothing,3,,0,2023-06-11,384,900.0
,CUST111,2023-04-19,500.0,Electronics,3,,0,2023-04-19,437,1500.0
,CUST112,2023-12-02,500.0,Clothing,3,,0,2023-12-02,210,1500.0
,CUST113,2023-09-13,25.0,Electronics,2,,0,2023-09-13,290,50.0
,CUST114,2023-07-22,25.0,Beauty,4,,0,2023-07-22,343,100.0
,CUST115,2023-11-26,500.0,Clothing,3,,0,2023-11-26,216,1500.0
,CUST116,2023-08-23,30.0,Clothing,1,,0,2023-08-23,311,30.0
,CUST117,2023-03-15,500.0,Electronics,2,,0,2023-03-15,472,1000.0
,CUST118,2023-05-16,500.0,Electronics,4,,0,2023-05-16,410,2000.0
,CUST119,2023-03-13,50.0,Clothing,3,,0,2023-03-13,474,150.0
,CUST120,2023-05-07,50.0,Beauty,1,,0,2023-05-07,419,50.0
,CUST121,2023-10-15,50.0,Electronics,4,,0,2023-10-15,258,200.0
,CUST122,2023-10-03,30.0,Electronics,4,,0,2023-10-03,270,120.0
,CUST123,2023-05-15,30.0,Electronics,2,,0,2023-05-15,411,60.0
,CUST124,2023-10-27,500.0,Clothing,4,,0,2023-10-27,246,2000.0
,CUST125,2023-08-08,50.0,Clothing,2,,0,2023-08-08,326,100.0
,CUST126,2023-10-26,30.0,Clothing,3,,0,2023-10-26,247,90.0
,CUST127,2023-07-24,25.0,Clothing,2,,0,2023-07-24,341,50.0
,CUST128,2023-07-05,500.0,Beauty,1,,0,2023-07-05,360,500.0
,CUST129,2023-04-23,300.0,Beauty,2,,0,2023-04-23,433,600.0
,CUST130,2023-03-12,500.0,Clothing,1,,0,2023-03-12,475,500.0
,CUST131,2023-09-18,300.0,Beauty,2,,0,2023-09-18,285,600.0
,CUST132,2023-09-10,50.0,Electronics,4,,0,2023-09-10,293,200.0
,CUST133,2023-02-16,300.0,Electronics,3,,0,2023-02-16,499,900.0
,CUST134,2023-01-25,50.0,Electronics,1,,0,2023-01-25,521,50.0
,CUST135,2023-02-26,25.0,Clothing,2,,0,2023-02-26,489,50.0
,CUST136,2023-03-20,300.0,Electronics,2,,0,2023-03-20,467,600.0
,CUST137,2023-11-18,500.0,Beauty,2,,0,2023-11-18,224,1000.0
,CUST138,2023-03-23,50.0,Clothing,4,,0,2023-03-23,464,200.0
,CUST139,2023-12-15,500.0,Beauty,4,,0,2023-12-15,197,2000.0
,CUST140,2023-08-05,30.0,Electronics,1,,0,2023-08-05,329,30.0
,CUST141,2023-11-02,50.0,Electronics,1,,0,2023-11-02,240,50.0
,CUST142,2023-02-02,300.0,Electronics,4,,0,2023-02-02,513,1200.0
,CUST143,2023-07-17,50.0,Clothing,1,,0,2023-07-17,348,50.0
,CUST144,2023-07-15,500.0,Beauty,3,,0,2023-07-15,350,1500.0
,CUST145,2023-11-02,25.0,Clothing,3,,0,2023-11-02,240,75.0
,CUST146,2023-08-28,50.0,Clothing,4,,0,2023-08-28,306,200.0
,CUST147,2023-09-28,300.0,Electronics,1,,0,2023-09-28,275,300.0
,CUST148,2023-05-09,30.0,Clothing,2,,0,2023-05-09,417,60.0
,CUST149,2023-10-11,25.0,Clothing,3,,0,2023-10-11,262,75.0
,CUST150,2023-01-06,30.0,Electronics,4,,0,2023-01-06,540,120.0
,CUST151,2023-12-15,50.0,Clothing,1,,0,2023-12-15,197,50.0
,CUST152,2023-02-28,500.0,Electronics,4,,0,2023-02-28,487,2000.0
,CUST153,2023-12-16,500.0,Electronics,2,,0,2023-12-16,196,1000.0
,CUST154,2023-10-02,300.0,Electronics,3,,0,2023-10-02,271,900.0
,CUST155,2023-05-17,500.0,Electronics,4,,0,2023-05-17,409,2000.0
,CUST156,2023-11-25,25.0,Clothing,4,,0,2023-11-25,217,100.0
,CUST157,2023-06-24,500.0,Electronics,4,,0,2023-06-24,371,2000.0
,CUST158,2023-02-27,300.0,Electronics,2,,0,2023-02-27,488,600.0
,CUST159,2023-05-31,50.0,Clothing,4,,0,2023-05-31,395,200.0
,CUST160,2023-08-11,50.0,Clothing,2,,0,2023-08-11,323,100.0
,CUST161,2023-03-22,500.0,Beauty,2,,0,2023-03-22,465,1000.0
,CUST162,2023-08-21,30.0,Clothing,2,,0,2023-08-21,313,60.0
,CUST163,2023-01-02,50.0,Clothing,3,,0,2023-01-02,544,150.0
,CUST164,2023-05-15,500.0,Beauty,3,,0,2023-05-15,411,1500.0
,CUST165,2023-09-14,300.0,Clothing,4,,0,2023-09-14,289,1200.0
,CUST166,2023-04-02,500.0,Clothing,4,,0,2023-04-02,454,2000.0
,CUST167,2023-09-17,50.0,Clothing,3,,0,2023-09-17,286,150.0
,CUST168,2023-02-24,300.0,Clothing,1,,0,2023-02-24,491,300.0
,CUST169,2023-11-17,500.0,Beauty,3,,0,2023-11-17,225,1500.0
,CUST170,2023-06-02,25.0,Clothing,2,,0,2023-06-02,393,50.0
,CUST171,2023-11-24,300.0,Clothing,3,,0,2023-11-24,218,900.0
,CUST172,2023-09-17,25.0,Beauty,2,,0,2023-09-17,286,50.0
,CUST173,2023-11-08,30.0,Electronics,4,,0,2023-11-08,234,120.0
,CUST174,2023-04-12,300.0,Beauty,1,,0,2023-04-12,444,300.0
,CUST175,2023-03-20,25.0,Electronics,4,,0,2023-03-20,467,100.0
,CUST176,2023-07-11,50.0,Beauty,2,,0,2023-07-11,354,100.0
,CUST177,2023-03-24,50.0,Beauty,2,,0,2023-03-24,463,100.0
,CUST178,2023-10-04,30.0,Clothing,2,,0,2023-10-04,269,60.0
,CUST179,2023-09-29,300.0,Electronics,1,,0,2023-09-29,274,300.0
,CUST180,2023-01-01,300.0,Clothing,3,,0,2023-01-01,545,900.0
,CUST181,2023-11-03,300.0,Electronics,4,,0,2023-11-03,239,1200.0
,CUST182,2023-06-15,30.0,Beauty,4,,0,2023-06-15,380,120.0
,CUST183,2023-09-08,300.0,Beauty,3,,0,2023-09-08,295,900.0
,CUST184,2023-01-10,50.0,Electronics,4,,0,2023-01-10,536,200.0
,CUST185,2023-02-27,25.0,Clothing,1,,0,2023-02-27,488,25.0
,CUST186,2023-07-05,50.0,Clothing,4,,0,2023-07-05,360,200.0
,CUST187,2023-06-07,50.0,Clothing,2,,0,2023-06-07,388,100.0
,CUST188,2023-05-03,25.0,Clothing,3,,0,2023-05-03,423,75.0
,CUST189,2023-01-30,50.0,Beauty,1,,0,2023-01-30,516,50.0
,CUST190,2023-05-04,30.0,Beauty,3,,0,2023-05-04,422,90.0
,CUST191,2023-10-18,25.0,Beauty,1,,0,2023-10-18,255,25.0
,CUST192,2023-02-10,50.0,Beauty,2,,0,2023-02-10,505,100.0
,CUST193,2023-02-13,500.0,Beauty,3,,0,2023-02-13,502,1500.0
,CUST194,2023-09-06,50.0,Clothing,4,,0,2023-09-06,297,200.0
,CUST195,2023-02-05,30.0,Clothing,1,,0,2023-02-05,510,30.0
,CUST196,2023-09-30,300.0,Clothing,3,,0,2023-09-30,273,900.0
,CUST197,2023-03-06,50.0,Clothing,4,,0,2023-03-06,481,200.0
,CUST198,2023-03-07,300.0,Beauty,3,,0,2023-03-07,480,900.0
,CUST199,2023-12-04,500.0,Beauty,3,,0,2023-12-04,208,1500.0
,CUST200,2023-09-01,50.0,Beauty,3,,0,2023-09-01,302,150.0
,CUST201,2023-10-09,25.0,Electronics,1,,0,2023-10-09,264,25.0
,CUST202,2023-03-26,300.0,Clothing,4,,0,2023-03-26,461,1200.0
,CUST203,2023-05-16,500.0,Clothing,2,,0,2023-05-16,410,1000.0
,CUST204,2023-09-28,25.0,Beauty,1,,0,2023-09-28,275,25.0
,CUST205,2023-11-07,25.0,Clothing,1,,0,2023-11-07,235,25.0
,CUST206,2023-08-05,25.0,Clothing,1,,0,2023-08-05,329,25.0
,CUST207,2023-04-19,25.0,Beauty,2,,0,2023-04-19,437,50.0
,CUST208,2023-10-04,50.0,Electronics,4,,0,2023-10-04,269,200.0
,CUST209,2023-12-20,50.0,Electronics,4,,0,2023-12-20,192,200.0
,CUST210,2023-04-13,50.0,Electronics,4,,0,2023-04-13,443,200.0
,CUST211,2024-01-01,500.0,Beauty,3,,0,2024-01-01,180,1500.0
,CUST212,2023-06-09,500.0,Clothing,3,,0,2023-06-09,386,1500.0
,CUST213,2023-07-24,500.0,Beauty,3,,0,2023-07-24,341,1500.0
,CUST214,2023-12-10,30.0,Beauty,2,,0,2023-12-10,202,60.0
,CUST215,2023-11-29,500.0,Clothing,3,,0,2023-11-29,213,1500.0
,CUST216,2023-07-11,50.0,Electronics,2,,0,2023-07-11,354,100.0
,CUST217,2023-08-13,50.0,Electronics,4,,0,2023-08-13,321,200.0
,CUST218,2023-09-22,30.0,Beauty,3,,0,2023-09-22,281,90.0
,CUST219,2023-08-20,30.0,Electronics,3,,0,2023-08-20,314,90.0
,CUST220,2023-03-03,500.0,Beauty,1,,0,2023-03-03,484,500.0
,CUST221,2023-05-07,300.0,Beauty,2,,0,2023-05-07,419,600.0
,CUST222,2023-04-26,30.0,Clothing,4,,0,2023-04-26,430,120.0
,CUST223,2023-02-02,25.0,Clothing,1,,0,2023-02-02,513,25.0
,CUST224,2023-06-23,50.0,Clothing,1,,0,2023-06-23,372,50.0
,CUST225,2023-01-11,25.0,Beauty,4,,0,2023-01-11,535,100.0
,CUST226,2023-10-29,50.0,Clothing,1,,0,2023-10-29,244,50.0
,CUST227,2023-10-11,50.0,Electronics,2,,0,2023-10-11,262,100.0
,CUST228,2023-04-28,30.0,Electronics,2,,0,2023-04-28,428,60.0
,CUST229,2023-10-29,30.0,Beauty,3,,0,2023-10-29,244,90.0
,CUST230,2023-04-23,25.0,Beauty,1,,0,2023-04-23,433,25.0
,CUST231,2023-01-04,50.0,Clothing,3,,0,2023-01-04,542,150.0
,CUST232,2023-02-06,25.0,Beauty,1,,0,2023-02-06,509,25.0
,CUST233,2023-12-29,300.0,Beauty,2,,0,2023-12-29,183,600.0
,CUST234,2023-11-20,25.0,Electronics,2,,0,2023-11-20,222,50.0
,CUST235,2023-01-31,500.0,Electronics,2,,0,2023-01-31,515,1000.0
,CUST236,2023-04-28,25.0,Clothing,1,,0,2023-04-28,428,25.0
,CUST237,2023-02-04,500.0,Beauty,2,,0,2023-02-04,511,1000.0
,CUST238,2023-01-17,500.0,Beauty,1,,0,2023-01-17,529,500.0
,CUST239,2023-06-19,500.0,Electronics,3,,0,2023-06-19,376,1500.0
,CUST240,2023-02-06,300.0,Beauty,1,,0,2023-02-06,509,300.0
,CUST241,2023-09-21,25.0,Electronics,3,,0,2023-09-21,282,75.0
,CUST242,2023-05-02,25.0,Clothing,1,,0,2023-05-02,424,25.0
,CUST243,2023-05-23,300.0,Electronics,3,,0,2023-05-23,403,900.0
,CUST244,2023-12-09,50.0,Beauty,2,,0,2023-12-09,203,100.0
,CUST245,2023-09-06,30.0,Clothing,3,,0,2023-09-06,297,90.0
,CUST246,2023-04-20,25.0,Electronics,2,,0,2023-04-20,436,50.0
,CUST247,2023-10-04,30.0,Electronics,2,,0,2023-10-04,269,60.0
,CUST248,2023-03-09,300.0,Clothing,3,,0,2023-03-09,478,900.0
,CUST249,2023-10-20,50.0,Clothing,1,,0,2023-10-20,253,50.0
,CUST250,2023-10-23,50.0,Electronics,1,,0,2023-10-23,250,50.0
,CUST251,2023-08-31,50.0,Beauty,4,,0,2023-08-31,303,200.0
,CUST252,2023-05-05,300.0,Electronics,1,,0,2023-05-05,421,300.0
,CUST253,2023-08-31,500.0,Clothing,4,,0,2023-08-31,303,2000.0
,CUST254,2023-07-28,500.0,Electronics,1,,0,2023-07-28,337,500.0
,CUST255,2023-04-08,30.0,Clothing,1,,0,2023-04-08,448,30.0
,CUST256,2023-02-18,500.0,Clothing,2,,0,2023-02-18,497,1000.0
,CUST257,2023-02-19,500.0,Beauty,4,,0,2023-02-19,496,2000.0
,CUST258,2023-12-04,50.0,Clothing,1,,0,2023-12-04,208,50.0
,CUST259,2023-08-09,50.0,Clothing,4,,0,2023-08-09,325,200.0
,CUST260,2023-07-01,30.0,Beauty,2,,0,2023-07-01,364,60.0
,CUST261,2023-08-05,25.0,Clothing,2,,0,2023-08-05,329,50.0
,CUST262,2023-07-30,30.0,Beauty,4,,0,2023-07-30,335,120.0
,CUST263,2023-08-28,30.0,Beauty,2,,0,2023-08-28,306,60.0
,CUST264,2023-01-28,300.0,Clothing,3,,0,2023-01-28,518,900.0
,CUST265,2023-12-11,300.0,Clothing,3,,0,2023-12-11,201,900.0
,CUST266,2023-12-01,30.0,Electronics,2,,0,2023-12-01,211,60.0
,CUST267,2023-11-27,30.0,Beauty,3,,0,2023-11-27,215,90.0
,CUST268,2023-02-20,30.0,Electronics,1,,0,2023-02-20,495,30.0
,CUST269,2023-02-01,500.0,Clothing,4,,0,2023-02-01,514,2000.0
,CUST270,2023-07-26,300.0,Electronics,1,,0,2023-07-26,339,300.0
,CUST271,2023-06-23,30.0,Beauty,4,,0,2023-06-23,372,120.0
,CUST272,2023-02-25,50.0,Electronics,2,,0,2023-02-25,490,100.0
,CUST273,2023-05-08,50.0,Beauty,1,,0,2023-05-08,418,50.0
,CUST274,2023-04-09,500.0,Clothing,2,,0,2023-04-09,447,1000.0
,CUST275,2023-04-08,500.0,Clothing,2,,0,2023-04-08,448,1000.0
,CUST276,2023-10-02,25.0,Beauty,4,,0,2023-10-02,271,100.0
,CUST277,2023-08-18,25.0,Clothing,4,,0,2023-08-18,316,100.0
,CUST278,2023-03-13,25.0,Clothing,4,,0,2023-03-13,474,100.0
,CUST279,2023-08-05,500.0,Clothing,1,,0,2023-08-05,329,500.0
,CUST280,2023-04-04,500.0,Clothing,3,,0,2023-04-04,452,1500.0
,CUST281,2023-05-23,500.0,Beauty,4,,0,2023-05-23,403,2000.0
,CUST282,2023-08-25,50.0,Electronics,4,,0,2023-08-25,309,200.0
,CUST283,2023-05-08,500.0,Electronics,1,,0,2023-05-08,418,500.0
,CUST284,2023-02-08,50.0,Clothing,4,,0,2023-02-08,507,200.0
,CUST285,2023-08-15,25.0,Electronics,1,,0,2023-08-15,319,25.0
,CUST286,2023-10-09,25.0,Electronics,2,,0,2023-10-09,264,50.0
,CUST287,2023-02-20,25.0,Clothing,4,,0,2023-02-20,495,100.0
,CUST288,2023-01-26,30.0,Clothing,4,,0,2023-01-26,520,120.0
,CUST289,2023-11-30,30.0,Electronics,2,,0,2023-11-30,212,60.0
,CUST290,2023-10-04,300.0,Beauty,2,,0,2023-10-04,269,600.0
,CUST291,2023-01-08,300.0,Clothing,2,,0,2023-01-08,538,600.0
,CUST292,2023-02-17,300.0,Beauty,4,,0,2023-02-17,498,1200.0
,CUST293,2023-05-02,30.0,Electronics,3,,0,2023-05-02,424,90.0
,CUST294,2023-03-27,30.0,Clothing,3,,0,2023-03-27,460,90.0
,CUST295,2023-07-28,300.0,Beauty,3,,0,2023-07-28,337,900.0
,CUST296,2023-09-06,300.0,Clothing,4,,0,2023-09-06,297,1200.0
,CUST297,2023-09-04,500.0,Electronics,2,,0,2023-09-04,299,1000.0
,CUST298,2023-04-20,300.0,Beauty,4,,0,2023-04-20,436,1200.0
,CUST299,2023-07-25,500.0,Electronics,2,,0,2023-07-25,340,1000.0
,CUST300,2023-01-31,50.0,Electronics,4,,0,2023-01-31,515,200.0
,CUST301,2023-03-26,30.0,Clothing,4,,0,2023-03-26,461,120.0
,CUST302,2023-07-14,300.0,Beauty,2,,0,2023-07-14,351,600.0
,CUST303,2023-01-02,30.0,Electronics,3,,0,2023-01-02,544,90.0
,CUST304,2023-07-19,30.0,Electronics,2,,0,2023-07-19,346,60.0
,CUST305,2023-05-16,30.0,Beauty,1,,0,2023-05-16,410,30.0
,CUST306,2023-08-21,50.0,Electronics,1,,0,2023-08-21,313,50.0
,CUST307,2023-05-27,25.0,Electronics,2,,0,2023-05-27,399,50.0
,CUST308,2023-08-05,300.0,Beauty,4,,0,2023-08-05,329,1200.0
,CUST309,2023-12-23,25.0,Beauty,1,,0,2023-12-23,189,25.0
,CUST310,2023-10-12,25.0,Beauty,1,,0,2023-10-12,261,25.0
,CUST311,2023-12-05,25.0,Beauty,4,,0,2023-12-05,207,100.0
,CUST312,2023-09-07,30.0,Clothing,4,,0,2023-09-07,296,120.0
,CUST313,2023-03-21,500.0,Beauty,3,,0,2023-03-21,466,1500.0
,CUST314,2023-04-08,30.0,Clothing,4,,0,2023-04-08,448,120.0
,CUST315,2023-06-01,30.0,Clothing,2,,0,2023-06-01,394,60.0
,CUST316,2023-04-22,25.0,Clothing,2,,0,2023-04-22,434,50.0
,CUST317,2023-01-30,30.0,Electronics,3,,0,2023-01-30,516,90.0
,CUST318,2023-10-24,25.0,Clothing,1,,0,2023-10-24,249,25.0
,CUST319,2023-10-05,500.0,Clothing,1,,0,2023-10-05,268,500.0
,CUST320,2023-02-01,300.0,Electronics,4,,0,2023-02-01,514,1200.0
,CUST321,2023-06-10,25.0,Electronics,2,,0,2023-06-10,385,50.0
,CUST322,2023-01-30,500.0,Electronics,1,,0,2023-01-30,516,500.0
,CUST323,2023-01-26,300.0,Beauty,3,,0,2023-01-26,520,900.0
,CUST324,2023-10-27,50.0,Electronics,3,,0,2023-10-27,246,150.0
,CUST325,2023-09-02,25.0,Electronics,2,,0,2023-09-02,301,50.0
,CUST326,2023-09-15,25.0,Clothing,3,,0,2023-09-15,288,75.0
,CUST327,2023-09-29,50.0,Electronics,3,,0,2023-09-29,274,150.0
,CUST328,2023-03-22,50.0,Beauty,2,,0,2023-03-22,465,100.0
,CUST329,2023-01-30,25.0,Electronics,4,,0,2023-01-30,516,100.0
,CUST330,2023-09-18,50.0,Beauty,4,,0,2023-09-18,285,200.0
,CUST331,2023-02-11,30.0,Electronics,3,,0,2023-02-11,504,90.0
,CUST332,2023-04-06,300.0,Electronics,4,,0,2023-04-06,450,1200.0
,CUST333,2023-02-05,300.0,Electronics,4,,0,2023-02-05,510,1200.0
,CUST334,2023-11-01,300.0,Electronics,3,,0,2023-11-01,241,900.0
,CUST335,2023-02-04,30.0,Beauty,4,,0,2023-02-04,511,120.0
,CUST336,2023-12-12,50.0,Beauty,3,,0,2023-12-12,200,150.0
,CUST337,2023-05-01,500.0,Clothing,1,,0,2023-05-01,425,500.0
,CUST338,2023-07-26,50.0,Beauty,2,,0,2023-07-26,339,100.0
,CUST339,2023-03-03,25.0,Electronics,2,,0,2023-03-03,484,50.0
,CUST340,2023-10-19,300.0,Clothing,4,,0,2023-10-19,254,1200.0
,CUST341,2023-05-07,50.0,Clothing,4,,0,2023-05-07,419,200.0
,CUST342,2023-10-24,500.0,Clothing,4,,0,2023-10-24,249,2000.0
,CUST343,2023-11-01,25.0,Electronics,2,,0,2023-11-01,241,50.0
,CUST344,2023-01-21,30.0,Beauty,1,,0,2023-01-21,525,30.0
,CUST345,2023-11-14,30.0,Electronics,1,,0,2023-11-14,228,30.0
,CUST346,2023-02-11,500.0,Clothing,2,,0,2023-02-11,504,1000.0
,CUST347,2023-08-03,25.0,Electronics,1,,0,2023-08-03,331,25.0
,CUST348,2023-12-03,300.0,Electronics,2,,0,2023-12-03,209,600.0
,CUST349,2023-10-26,50.0,Beauty,1,,0,2023-10-26,247,50.0
,CUST350,2023-10-17,25.0,Beauty,3,,0,2023-10-17,256,75.0
,CUST351,2023-09-25,30.0,Clothing,3,,0,2023-09-25,278,90.0
,CUST352,2023-06-11,500.0,Electronics,2,,0,2023-06-11,384,1000.0
,CUST353,2023-05-14,500.0,Electronics,1,,0,2023-05-14,412,500.0
,CUST354,2023-04-15,50.0,Beauty,4,,0,2023-04-15,441,200.0
,CUST355,2023-12-09,500.0,Electronics,1,,0,2023-12-09,203,500.0
,CUST356,2023-06-10,500.0,Electronics,3,,0,2023-06-10,385,1500.0
,CUST357,2023-05-03,25.0,Electronics,3,,0,2023-05-03,423,75.0
,CUST358,2023-05-16,300.0,Beauty,1,,0,2023-05-16,410,300.0
,CUST359,2023-07-22,50.0,Clothing,1,,0,2023-07-22,343,50.0
,CUST360,2023-03-09,25.0,Clothing,4,,0,2023-03-09,478,100.0
,CUST361,2023-12-10,300.0,Electronics,4,,0,2023-12-10,202,1200.0
,CUST362,2023-11-27,25.0,Clothing,1,,0,2023-11-27,215,25.0
,CUST363,2023-06-03,25.0,Beauty,1,,0,2023-06-03,392,25.0
,CUST364,2023-08-23,500.0,Beauty,1,,0,2023-08-23,311,500.0
,CUST365,2023-06-11,300.0,Clothing,1,,0,2023-06-11,384,300.0
,CUST366,2023-02-07,50.0,Clothing,2,,0,2023-02-07,508,100.0
,CUST367,2023-01-05,50.0,Electronics,1,,0,2023-01-05,541,50.0
,CUST368,2023-08-23,300.0,Clothing,4,,0,2023-08-23,311,1200.0
,CUST369,2023-11-15,500.0,Electronics,3,,0,2023-11-15,227,1500.0
,CUST370,2023-10-16,30.0,Electronics,2,,0,2023-10-16,257,60.0
,CUST371,2023-02-21,25.0,Beauty,1,,0,2023-02-21,494,25.0
,CUST372,2023-02-07,500.0,Beauty,3,,0,2023-02-07,508,1500.0
,CUST373,2023-10-03,300.0,Beauty,2,,0,2023-10-03,270,600.0
,CUST374,2023-04-20,25.0,Beauty,3,,0,2023-04-20,436,75.0
,CUST375,2023-09-17,50.0,Clothing,1,,0,2023-09-17,286,50.0
,CUST376,2023-05-16,30.0,Beauty,1,,0,2023-05-16,410,30.0
,CUST377,2023-03-09,50.0,Clothing,4,,0,2023-03-09,478,200.0
,CUST378,2023-06-28,300.0,Beauty,1,,0,2023-06-28,367,300.0
,CUST379,2023-02-05,25.0,Clothing,1,,0,2023-02-05,510,25.0
,CUST380,2023-05-06,300.0,Electronics,2,,0,2023-05-06,420,600.0
,CUST381,2023-07-09,25.0,Clothing,4,,0,2023-07-09,356,100.0
,CUST382,2023-05-26,500.0,Clothing,2,,0,2023-05-26,400,1000.0
,CUST383,2023-03-22,30.0,Beauty,3,,0,2023-03-22,465,90.0
,CUST384,2023-08-13,500.0,Clothing,1,,0,2023-08-13,321,500.0
,CUST385,2023-10-06,500.0,Electronics,3,,0,2023-10-06,267,1500.0
,CUST386,2023-12-27,300.0,Electronics,2,,0,2023-12-27,185,600.0
,CUST387,2023-06-04,30.0,Beauty,1,,0,2023-06-04,391,30.0
,CUST388,2023-11-10,25.0,Electronics,1,,0,2023-11-10,232,25.0
,CUST389,2023-12-01,25.0,Clothing,2,,0,2023-12-01,211,50.0
,CUST390,2023-09-28,50.0,Electronics,2,,0,2023-09-28,275,100.0
,CUST391,2023-01-05,25.0,Beauty,2,,0,2023-01-05,541,50.0
,CUST392,2023-12-08,300.0,Clothing,2,,0,2023-12-08,204,600.0
,CUST393,2023-10-11,500.0,Beauty,2,,0,2023-10-11,262,1000.0
,CUST394,2023-06-03,500.0,Clothing,1,,0,2023-06-03,392,500.0
,CUST395,2023-12-06,500.0,Electronics,2,,0,2023-12-06,206,1000.0
,CUST396,2023-02-23,30.0,Beauty,1,,0,2023-02-23,492,30.0
,CUST397,2023-03-10,25.0,Beauty,1,,0,2023-03-10,477,25.0
,CUST398,2023-05-16,300.0,Clothing,2,,0,2023-05-16,410,600.0
,CUST399,2023-03-01,30.0,Beauty,2,,0,2023-03-01,486,60.0
,CUST400,2023-02-24,50.0,Clothing,4,,0,2023-02-24,491,200.0
,CUST401,2023-10-11,300.0,Clothing,1,,0,2023-10-11,262,300.0
,CUST402,2023-03-21,300.0,Clothing,2,,0,2023-03-21,466,600.0
,CUST403,2023-05-20,300.0,Clothing,2,,0,2023-05-20,406,600.0
,CUST404,2023-05-25,500.0,Electronics,2,,0,2023-05-25,401,1000.0
,CUST405,2023-11-06,300.0,Clothing,4,,0,2023-11-06,236,1200.0
,CUST406,2023-04-18,25.0,Beauty,4,,0,2023-04-18,438,100.0
,CUST407,2023-06-25,300.0,Electronics,3,,0,2023-06-25,370,900.0
,CUST408,2023-04-15,500.0,Beauty,1,,0,2023-04-15,441,500.0
,CUST409,2023-12-18,300.0,Electronics,3,,0,2023-12-18,194,900.0
,CUST410,2023-11-21,50.0,Clothing,2,,0,2023-11-21,221,100.0
,CUST411,2023-05-16,50.0,Electronics,4,,0,2023-05-16,410,200.0
,CUST412,2023-09-16,500.0,Electronics,4,,0,2023-09-16,287,2000.0
,CUST413,2023-09-08,25.0,Beauty,3,,0,2023-09-08,295,75.0
,CUST414,2023-05-09,25.0,Beauty,4,,0,2023-05-09,417,100.0
,CUST415,2023-01-27,30.0,Clothing,2,,0,2023-01-27,519,60.0
,CUST416,2023-02-17,500.0,Electronics,4,,0,2023-02-17,498,2000.0
,CUST417,2023-11-21,300.0,Electronics,3,,0,2023-11-21,221,900.0
,CUST418,2023-08-05,500.0,Electronics,2,,0,2023-08-05,329,1000.0
,CUST419,2023-05-22,30.0,Clothing,3,,0,2023-05-22,404,90.0
,CUST420,2023-01-23,500.0,Clothing,4,,0,2023-01-23,523,2000.0
,CUST421,2023-01-02,500.0,Clothing,3,,0,2023-01-02,544,1500.0
,CUST422,2023-06-20,30.0,Clothing,3,,0,2023-06-20,375,90.0
,CUST423,2023-03-08,25.0,Clothing,1,,0,2023-03-08,479,25.0
,CUST424,2023-11-23,300.0,Beauty,4,,0,2023-11-23,219,1200.0
,CUST425,2023-05-15,30.0,Electronics,4,,0,2023-05-15,411,120.0
,CUST426,2023-03-24,50.0,Electronics,3,,0,2023-03-24,463,150.0
,CUST427,2023-08-15,25.0,Electronics,1,,0,2023-08-15,319,25.0
,CUST428,2023-10-10,50.0,Electronics,4,,0,2023-10-10,263,200.0
,CUST429,2023-12-28,25.0,Electronics,2,,0,2023-12-28,184,50.0
,CUST430,2023-08-07,300.0,Electronics,3,,0,2023-08-07,327,900.0
,CUST431,2023-10-15,300.0,Electronics,4,,0,2023-10-15,258,1200.0
,CUST432,2023-01-05,500.0,Electronics,2,,0,2023-01-05,541,1000.0
,CUST433,2023-02-27,50.0,Beauty,4,,0,2023-02-27,488,200.0
,CUST434,2023-02-08,25.0,Electronics,2,,0,2023-02-08,507,50.0
,CUST435,2023-12-20,300.0,Beauty,3,,0,2023-12-20,192,900.0
,CUST436,2023-03-18,30.0,Clothing,4,,0,2023-03-18,469,120.0
,CUST437,2023-10-07,300.0,Electronics,4,,0,2023-10-07,266,1200.0
,CUST438,2023-01-19,30.0,Clothing,1,,0,2023-01-19,527,30.0
,CUST439,2023-07-09,25.0,Clothing,3,,0,2023-07-09,356,75.0
,CUST440,2023-10-26,300.0,Clothing,2,,0,2023-10-26,247,600.0
,CUST441,2023-10-10,300.0,Beauty,4,,0,2023-10-10,263,1200.0
,CUST442,2023-03-17,25.0,Clothing,4,,0,2023-03-17,470,100.0
,CUST443,2023-08-09,300.0,Clothing,2,,0,2023-08-09,325,600.0
,CUST444,2023-03-07,30.0,Clothing,3,,0,2023-03-07,480,90.0
,CUST445,2023-01-22,300.0,Electronics,1,,0,2023-01-22,524,300.0
,CUST446,2023-06-07,50.0,Electronics,1,,0,2023-06-07,388,50.0
,CUST447,2023-07-06,500.0,Beauty,4,,0,2023-07-06,359,2000.0
,CUST448,2023-01-21,30.0,Beauty,2,,0,2023-01-21,525,60.0
,CUST449,2023-07-03,50.0,Electronics,4,,0,2023-07-03,362,200.0
,CUST450,2023-04-18,25.0,Beauty,2,,0,2023-04-18,438,50.0
,CUST451,2023-12-16,30.0,Electronics,1,,0,2023-12-16,196,30.0
,CUST452,2023-05-08,500.0,Clothing,3,,0,2023-05-08,418,1500.0
,CUST453,2023-12-08,500.0,Clothing,2,,0,2023-12-08,204,1000.0
,CUST454,2023-02-22,25.0,Beauty,1,,0,2023-02-22,493,25.0
,CUST455,2023-07-01,25.0,Electronics,4,,0,2023-07-01,364,100.0
,CUST456,2023-10-14,30.0,Electronics,2,,0,2023-10-14,259,60.0
,CUST457,2023-07-28,300.0,Beauty,3,,0,2023-07-28,337,900.0
,CUST458,2023-11-14,25.0,Electronics,4,,0,2023-11-14,228,100.0
,CUST459,2023-03-21,300.0,Clothing,4,,0,2023-03-21,466,1200.0
,CUST460,2023-05-02,50.0,Beauty,1,,0,2023-05-02,424,50.0
,CUST461,2023-03-25,500.0,Beauty,2,,0,2023-03-25,462,1000.0
,CUST462,2023-04-01,300.0,Electronics,4,,0,2023-04-01,455,1200.0
,CUST463,2023-07-31,500.0,Beauty,3,,0,2023-07-31,334,1500.0
,CUST464,2023-01-13,300.0,Electronics,2,,0,2023-01-13,533,600.0
,CUST465,2023-04-02,50.0,Electronics,3,,0,2023-04-02,454,150.0
,CUST466,2023-06-20,25.0,Electronics,4,,0,2023-06-20,375,100.0
,CUST467,2023-07-30,50.0,Electronics,3,,0,2023-07-30,335,150.0
,CUST468,2023-12-09,25.0,Electronics,1,,0,2023-12-09,203,25.0
,CUST469,2023-05-08,25.0,Beauty,3,,0,2023-05-08,418,75.0
,CUST470,2023-05-17,500.0,Clothing,2,,0,2023-05-17,409,1000.0
,CUST471,2023-03-23,50.0,Clothing,3,,0,2023-03-23,464,150.0
,CUST472,2023-12-26,300.0,Beauty,3,,0,2023-12-26,186,900.0
,CUST473,2023-02-25,50.0,Beauty,1,,0,2023-02-25,490,50.0
,CUST474,2023-07-15,500.0,Clothing,3,,0,2023-07-15,350,1500.0
,CUST475,2023-01-20,25.0,Clothing,3,,0,2023-01-20,526,75.0
,CUST476,2023-08-29,500.0,Clothing,4,,0,2023-08-29,305,2000.0
,CUST477,2023-04-24,30.0,Clothing,4,,0,2023-04-24,432,120.0
,CUST478,2023-04-13,30.0,Clothing,2,,0,2023-04-13,443,60.0
,CUST479,2023-08-24,300.0,Electronics,4,,0,2023-08-24,310,1200.0
,CUST480,2023-06-29,500.0,Beauty,4,,0,2023-06-29,366,2000.0
,CUST481,2023-06-06,300.0,Electronics,4,,0,2023-06-06,389,1200.0
,CUST482,2023-04-27,300.0,Clothing,4,,0,2023-04-27,429,1200.0
,CUST483,2023-04-25,30.0,Clothing,1,,0,2023-04-25,431,30.0
,CUST484,2023-01-13,300.0,Clothing,4,,0,2023-01-13,533,1200.0
,CUST485,2023-12-04,30.0,Electronics,1,,0,2023-12-04,208,30.0
,CUST486,2023-04-09,25.0,Electronics,1,,0,2023-04-09,447,25.0
,CUST487,2023-07-24,500.0,Clothing,4,,0,2023-07-24,341,2000.0
,CUST488,2023-06-18,300.0,Electronics,3,,0,2023-06-18,377,900.0
,CUST489,2023-05-23,30.0,Electronics,1,,0,2023-05-23,403,30.0
,CUST490,2023-02-05,50.0,Clothing,3,,0,2023-02-05,510,150.0
,CUST491,2023-05-23,300.0,Electronics,3,,0,2023-05-23,403,900.0
,CUST492,2023-06-29,25.0,Beauty,4,,0,2023-06-29,366,100.0
,CUST493,2023-11-25,25.0,Beauty,2,,0,2023-11-25,217,50.0
,CUST494,2023-09-18,50.0,Beauty,4,,0,2023-09-18,285,200.0
,CUST495,2023-07-24,30.0,Beauty,2,,0,2023-07-24,341,60.0
,CUST496,2023-12-14,300.0,Clothing,2,,0,2023-12-14,198,600.0
,CUST497,2023-10-02,30.0,Clothing,4,,0,2023-10-02,271,120.0
,CUST498,2023-06-19,25.0,Clothing,4,,0,2023-06-19,376,100.0
,CUST499,2023-01-15,30.0,Beauty,2,,0,2023-01-15,531,60.0
,CUST500,2023-03-01,25.0,Beauty,4,,0,2023-03-01,486,100.0
,CUST501,2023-05-14,30.0,Electronics,2,,0,2023-05-14,412,60.0
,CUST502,2023-04-02,50.0,Electronics,3,,0,2023-04-02,454,150.0
,CUST503,2023-10-25,500.0,Beauty,4,,0,2023-10-25,248,2000.0
,CUST504,2023-05-16,50.0,Beauty,3,,0,2023-05-16,410,150.0
,CUST505,2023-01-20,50.0,Beauty,1,,0,2023-01-20,526,50.0
,CUST506,2023-02-25,500.0,Beauty,3,,0,2023-02-25,490,1500.0
,CUST507,2023-11-02,500.0,Electronics,3,,0,2023-11-02,240,1500.0
,CUST508,2023-08-11,300.0,Beauty,2,,0,2023-08-11,323,600.0
,CUST509,2023-06-26,300.0,Electronics,3,,0,2023-06-26,369,900.0
,CUST510,2023-06-10,50.0,Beauty,4,,0,2023-06-10,385,200.0
,CUST511,2023-08-12,50.0,Beauty,2,,0,2023-08-12,322,100.0
,CUST512,2023-11-07,25.0,Beauty,1,,0,2023-11-07,235,25.0
,CUST513,2023-09-19,25.0,Electronics,4,,0,2023-09-19,284,100.0
,CUST514,2023-03-01,300.0,Electronics,1,,0,2023-03-01,486,300.0
,CUST515,2023-07-17,300.0,Clothing,3,,0,2023-07-17,348,900.0
,CUST516,2023-10-23,25.0,Beauty,4,,0,2023-10-23,250,100.0
,CUST517,2023-04-08,25.0,Clothing,4,,0,2023-04-08,448,100.0
,CUST518,2023-05-11,30.0,Clothing,1,,0,2023-05-11,415,30.0
,CUST519,2023-01-23,30.0,Electronics,4,,0,2023-01-23,523,120.0
,CUST520,2023-12-29,25.0,Electronics,4,,0,2023-12-29,183,100.0
,CUST521,2023-08-12,30.0,Clothing,4,,0,2023-08-12,322,120.0
,CUST522,2023-01-01,500.0,Beauty,3,,0,2023-01-01,545,1500.0
,CUST523,2023-09-24,300.0,Electronics,1,,0,2023-09-24,279,300.0
,CUST524,2023-10-03,300.0,Beauty,4,,0,2023-10-03,270,1200.0
,CUST525,2023-12-18,25.0,Beauty,2,,0,2023-12-18,194,50.0
,CUST526,2023-12-10,50.0,Clothing,2,,0,2023-12-10,202,100.0
,CUST527,2023-04-11,25.0,Clothing,2,,0,2023-04-11,445,50.0
,CUST528,2023-07-06,30.0,Clothing,2,,0,2023-07-06,359,60.0
,CUST529,2023-08-09,50.0,Clothing,3,,0,2023-08-09,325,150.0
,CUST530,2023-02-05,30.0,Electronics,4,,0,2023-02-05,510,120.0
,CUST531,2023-12-07,500.0,Electronics,1,,0,2023-12-07,205,500.0
,CUST532,2023-06-19,30.0,Clothing,4,,0,2023-06-19,376,120.0
,CUST533,2023-11-16,500.0,Electronics,3,,0,2023-11-16,226,1500.0
,CUST534,2023-06-10,500.0,Clothing,2,,0,2023-06-10,385,1000.0
,CUST535,2023-12-06,30.0,Beauty,3,,0,2023-12-06,206,90.0
,CUST536,2023-03-05,30.0,Beauty,4,,0,2023-03-05,482,120.0
,CUST537,2023-06-03,500.0,Beauty,1,,0,2023-06-03,392,500.0
,CUST538,2023-09-17,50.0,Clothing,3,,0,2023-09-17,286,150.0
,CUST539,2023-06-08,500.0,Beauty,1,,0,2023-06-08,387,500.0
,CUST540,2023-12-08,300.0,Electronics,3,,0,2023-12-08,204,900.0
,CUST541,2023-07-29,500.0,Beauty,1,,0,2023-07-29,336,500.0
,CUST542,2023-06-17,50.0,Beauty,1,,0,2023-06-17,378,50.0
,CUST543,2023-07-26,300.0,Beauty,2,,0,2023-07-26,339,600.0
,CUST544,2023-12-23,25.0,Electronics,1,,0,2023-12-23,189,25.0
,CUST545,2023-06-01,25.0,Clothing,2,,0,2023-06-01,394,50.0
,CUST546,2023-10-11,50.0,Electronics,4,,0,2023-10-11,262,200.0
,CUST547,2023-03-07,500.0,Clothing,4,,0,2023-03-07,480,2000.0
,CUST548,2023-04-09,30.0,Clothing,2,,0,2023-04-09,447,60.0
,CUST549,2023-08-04,50.0,Beauty,2,,0,2023-08-04,330,100.0
,CUST550,2023-12-07,300.0,Clothing,3,,0,2023-12-07,205,900.0
,CUST551,2023-07-14,300.0,Electronics,3,,0,2023-07-14,351,900.0
,CUST552,2023-12-13,25.0,Electronics,3,,0,2023-12-13,199,75.0
,CUST553,2023-03-31,300.0,Clothing,4,,0,2023-03-31,456,1200.0
,CUST554,2023-11-12,50.0,Beauty,3,,0,2023-11-12,230,150.0
,CUST555,2023-10-19,300.0,Beauty,1,,0,2023-10-19,254,300.0
,CUST556,2023-06-04,50.0,Electronics,1,,0,2023-06-04,391,50.0
,CUST557,2023-07-27,30.0,Beauty,3,,0,2023-07-27,338,90.0
,CUST558,2023-10-08,25.0,Clothing,1,,0,2023-10-08,265,25.0
,CUST559,2023-01-01,300.0,Clothing,4,,0,2023-01-01,545,1200.0
,CUST560,2023-06-05,50.0,Electronics,1,,0,2023-06-05,390,50.0
,CUST561,2023-05-27,500.0,Clothing,4,,0,2023-05-27,399,2000.0
,CUST562,2023-04-18,25.0,Electronics,2,,0,2023-04-18,438,50.0
,CUST563,2023-08-09,30.0,Clothing,2,,0,2023-08-09,325,60.0
,CUST564,2023-10-24,50.0,Electronics,2,,0,2023-10-24,249,100.0
,CUST565,2023-11-07,30.0,Beauty,2,,0,2023-11-07,235,60.0
,CUST566,2023-12-02,30.0,Clothing,1,,0,2023-12-02,210,30.0
,CUST567,2023-06-14,300.0,Clothing,3,,0,2023-06-14,381,900.0
,CUST568,2023-08-27,300.0,Electronics,1,,0,2023-08-27,307,300.0
,CUST569,2023-08-15,50.0,Electronics,4,,0,2023-08-15,319,200.0
,CUST570,2023-08-15,500.0,Clothing,1,,0,2023-08-15,319,500.0
,CUST571,2023-12-12,50.0,Electronics,1,,0,2023-12-12,200,50.0
,CUST572,2023-04-20,500.0,Clothing,4,,0,2023-04-20,436,2000.0
,CUST573,2023-09-19,30.0,Beauty,2,,0,2023-09-19,284,60.0
,CUST574,2023-08-31,25.0,Electronics,2,,0,2023-08-31,303,50.0
,CUST575,2023-03-28,50.0,Clothing,2,,0,2023-03-28,459,100.0
,CUST576,2023-12-04,50.0,Beauty,3,,0,2023-12-04,208,150.0
,CUST577,2023-02-13,500.0,Beauty,4,,0,2023-02-13,502,2000.0
,CUST578,2023-05-26,30.0,Clothing,4,,0,2023-05-26,400,120.0
,CUST579,2023-09-21,30.0,Electronics,1,,0,2023-09-21,282,30.0
,CUST580,2023-12-06,500.0,Clothing,3,,0,2023-12-06,206,1500.0
,CUST581,2023-11-21,30.0,Beauty,2,,0,2023-11-21,221,60.0
,CUST582,2023-11-14,300.0,Clothing,3,,0,2023-11-14,228,900.0
,CUST583,2023-06-21,25.0,Electronics,4,,0,2023-06-21,374,100.0
,CUST584,2023-02-17,50.0,Beauty,4,,0,2023-02-17,498,200.0
,CUST585,2023-05-01,25.0,Clothing,1,,0,2023-05-01,425,25.0
,CUST586,2023-12-11,50.0,Electronics,1,,0,2023-12-11,201,50.0
,CUST587,2023-06-08,300.0,Beauty,4,,0,2023-06-08,387,1200.0
,CUST588,2023-04-26,30.0,Electronics,2,,0,2023-04-26,430,60.0
,CUST589,2023-04-12,500.0,Beauty,2,,0,2023-04-12,444,1000.0
,CUST590,2023-03-17,300.0,Clothing,3,,0,2023-03-17,470,900.0
,CUST591,2023-01-13,25.0,Electronics,4,,0,2023-01-13,533,100.0
,CUST592,2023-01-24,500.0,Beauty,4,,0,2023-01-24,522,2000.0
,CUST593,2023-05-06,30.0,Electronics,2,,0,2023-05-06,420,60.0
,CUST594,2023-09-01,300.0,Electronics,2,,0,2023-09-01,302,600.0
,CUST595,2023-11-09,500.0,Clothing,4,,0,2023-11-09,233,2000.0
,CUST596,2023-02-07,300.0,Electronics,1,,0,2023-02-07,508,300.0
,CUST597,2023-08-22,300.0,Beauty,4,,0,2023-08-22,312,1200.0
,CUST598,2023-08-01,30.0,Beauty,4,,0,2023-08-01,333,120.0
,CUST599,2023-11-19,50.0,Beauty,2,,0,2023-11-19,223,100.0
,CUST600,2023-10-22,500.0,Beauty,2,,0,2023-10-22,251,1000.0
,CUST601,2023-04-10,30.0,Clothing,1,,0,2023-04-10,446,30.0
,CUST602,2023-12-23,300.0,Electronics,1,,0,2023-12-23,189,300.0
,CUST603,2023-07-16,30.0,Clothing,3,,0,2023-07-16,349,90.0
,CUST604,2023-09-11,50.0,Electronics,4,,0,2023-09-11,292,200.0
,CUST605,2023-07-24,500.0,Electronics,2,,0,2023-07-24,341,1000.0
,CUST606,2023-05-05,50.0,Electronics,1,,0,2023-05-05,421,50.0
,CUST607,2023-03-17,25.0,Clothing,3,,0,2023-03-17,470,75.0
,CUST608,2023-12-02,500.0,Electronics,3,,0,2023-12-02,210,1500.0
,CUST609,2023-12-19,50.0,Clothing,2,,0,2023-12-19,193,100.0
,CUST610,2023-01-03,300.0,Beauty,2,,0,2023-01-03,543,600.0
,CUST611,2023-02-24,500.0,Beauty,3,,0,2023-02-24,491,1500.0
,CUST612,2023-08-06,500.0,Electronics,1,,0,2023-08-06,328,500.0
,CUST613,2023-04-23,30.0,Clothing,3,,0,2023-04-23,433,90.0
,CUST614,2023-04-01,300.0,Beauty,4,,0,2023-04-01,455,1200.0
,CUST615,2023-12-23,25.0,Clothing,4,,0,2023-12-23,189,100.0
,CUST616,2023-09-23,50.0,Clothing,2,,0,2023-09-23,280,100.0
,CUST617,2023-08-26,30.0,Electronics,1,,0,2023-08-26,308,30.0
,CUST618,2023-01-26,50.0,Beauty,1,,0,2023-01-26,520,50.0
,CUST619,2023-10-13,25.0,Electronics,4,,0,2023-10-13,260,100.0
,CUST620,2023-05-08,25.0,Electronics,3,,0,2023-05-08,418,75.0
,CUST621,2023-03-04,500.0,Beauty,2,,0,2023-03-04,483,1000.0
,CUST622,2023-08-22,25.0,Beauty,3,,0,2023-08-22,312,75.0
,CUST623,2023-03-10,50.0,Clothing,3,,0,2023-03-10,477,150.0
,CUST624,2023-08-26,300.0,Beauty,3,,0,2023-08-26,308,900.0
,CUST625,2023-12-08,300.0,Clothing,1,,0,2023-12-08,204,300.0
,CUST626,2023-09-29,500.0,Clothing,4,,0,2023-09-29,274,2000.0
,CUST627,2023-10-14,50.0,Clothing,1,,0,2023-10-14,259,50.0
,CUST628,2023-11-01,50.0,Beauty,4,,0,2023-11-01,241,200.0
,CUST629,2023-06-12,25.0,Electronics,2,,0,2023-06-12,383,50.0
,CUST630,2023-08-15,50.0,Clothing,2,,0,2023-08-15,319,100.0
,CUST631,2023-11-10,30.0,Electronics,3,,0,2023-11-10,232,90.0
,CUST632,2023-09-16,25.0,Electronics,4,,0,2023-09-16,287,100.0
,CUST633,2023-08-07,30.0,Beauty,4,,0,2023-08-07,327,120.0
,CUST634,2023-10-08,500.0,Electronics,4,,0,2023-10-08,265,2000.0
,CUST635,2023-08-17,300.0,Electronics,3,,0,2023-08-17,317,900.0
,CUST636,2023-03-23,500.0,Beauty,3,,0,2023-03-23,464,1500.0
,CUST637,2023-09-01,300.0,Clothing,2,,0,2023-09-01,302,600.0
,CUST638,2023-08-19,500.0,Electronics,1,,0,2023-08-19,315,500.0
,CUST639,2023-05-13,50.0,Beauty,4,,0,2023-05-13,413,200.0
,CUST640,2023-05-07,30.0,Electronics,4,,0,2023-05-07,419,120.0
,CUST641,2023-11-23,300.0,Electronics,1,,0,2023-11-23,219,300.0
,CUST642,2023-05-22,25.0,Clothing,4,,0,2023-05-22,404,100.0
,CUST643,2023-09-24,30.0,Electronics,3,,0,2023-09-24,279,90.0
,CUST644,2023-09-06,25.0,Beauty,3,,0,2023-09-06,297,75.0
,CUST645,2023-11-17,30.0,Electronics,4,,0,2023-11-17,225,120.0
,CUST646,2023-05-03,30.0,Clothing,3,,0,2023-05-03,423,90.0
,CUST647,2023-05-21,500.0,Clothing,3,,0,2023-05-21,405,1500.0
,CUST648,2023-08-14,300.0,Beauty,4,,0,2023-08-14,320,1200.0
,CUST649,2023-02-09,300.0,Clothing,2,,0,2023-02-09,506,600.0
,CUST650,2024-01-01,30.0,Electronics,1,,0,2024-01-01,180,30.0
,CUST651,2023-05-27,50.0,Clothing,3,,0,2023-05-27,399,150.0
,CUST652,2023-05-01,50.0,Beauty,2,,0,2023-05-01,425,100.0
,CUST653,2023-05-20,25.0,Clothing,3,,0,2023-05-20,406,75.0
,CUST654,2023-06-21,25.0,Clothing,3,,0,2023-06-21,374,75.0
,CUST655,2023-06-13,500.0,Clothing,1,,0,2023-06-13,382,500.0
,CUST656,2023-10-04,30.0,Beauty,3,,0,2023-10-04,269,90.0
,CUST657,2023-02-11,25.0,Clothing,1,,0,2023-02-11,504,25.0
,CUST658,2023-03-12,25.0,Clothing,1,,0,2023-03-12,475,25.0
,CUST659,2023-03-19,30.0,Electronics,1,,0,2023-03-19,468,30.0
,CUST660,2023-04-29,500.0,Beauty,2,,0,2023-04-29,427,1000.0
,CUST661,2023-07-16,25.0,Clothing,4,,0,2023-07-16,349,100.0
,CUST662,2023-12-22,500.0,Beauty,2,,0,2023-12-22,190,1000.0
,CUST663,2023-03-20,300.0,Clothing,4,,0,2023-03-20,467,1200.0
,CUST664,2023-12-28,500.0,Clothing,4,,0,2023-12-28,184,2000.0
,CUST665,2023-04-20,50.0,Clothing,1,,0,2023-04-20,436,50.0
,CUST666,2023-02-02,50.0,Electronics,3,,0,2023-02-02,513,150.0
,CUST667,2023-08-01,500.0,Electronics,1,,0,2023-08-01,333,500.0
,CUST668,2023-07-28,50.0,Electronics,3,,0,2023-07-28,337,150.0
,CUST669,2023-06-19,300.0,Beauty,4,,0,2023-06-19,376,1200.0
,CUST670,2023-10-05,30.0,Beauty,1,,0,2023-10-05,268,30.0
,CUST671,2023-08-27,50.0,Electronics,3,,0,2023-08-27,307,150.0
,CUST672,2023-08-01,50.0,Beauty,2,,0,2023-08-01,333,100.0
,CUST673,2023-02-01,500.0,Clothing,3,,0,2023-02-01,514,1500.0
,CUST674,2023-04-16,300.0,Clothing,1,,0,2023-04-16,440,300.0
,CUST675,2023-08-04,30.0,Clothing,2,,0,2023-08-04,330,60.0
,CUST676,2023-07-19,500.0,Electronics,3,,0,2023-07-19,346,1500.0
,CUST677,2023-10-27,500.0,Beauty,3,,0,2023-10-27,246,1500.0
,CUST678,2023-12-23,300.0,Electronics,3,,0,2023-12-23,189,900.0
,CUST679,2023-01-11,30.0,Beauty,3,,0,2023-01-11,535,90.0
,CUST680,2023-10-22,300.0,Clothing,3,,0,2023-10-22,251,900.0
,CUST681,2023-07-14,30.0,Electronics,2,,0,2023-07-14,351,60.0
,CUST682,2023-09-02,300.0,Beauty,4,,0,2023-09-02,301,1200.0
,CUST683,2023-01-04,500.0,Beauty,2,,0,2023-01-04,542,1000.0
,CUST684,2023-06-30,500.0,Clothing,2,,0,2023-06-30,365,1000.0
,CUST685,2023-06-02,25.0,Electronics,2,,0,2023-06-02,393,50.0
,CUST686,2023-07-19,50.0,Electronics,4,,0,2023-07-19,346,200.0
,CUST687,2023-08-03,300.0,Electronics,1,,0,2023-08-03,331,300.0
,CUST688,2023-10-03,25.0,Clothing,4,,0,2023-10-03,270,100.0
,CUST689,2023-10-07,50.0,Electronics,2,,0,2023-10-07,266,100.0
,CUST690,2023-11-05,300.0,Clothing,3,,0,2023-11-05,237,900.0
,CUST691,2023-04-23,30.0,Clothing,3,,0,2023-04-23,433,90.0
,CUST692,2023-09-07,50.0,Clothing,2,,0,2023-09-07,296,100.0
,CUST693,2023-04-23,500.0,Beauty,3,,0,2023-04-23,433,1500.0
,CUST694,2023-05-20,25.0,Electronics,2,,0,2023-05-20,406,50.0
,CUST695,2023-08-12,50.0,Electronics,3,,0,2023-08-12,322,150.0
,CUST696,2023-09-06,50.0,Clothing,4,,0,2023-09-06,297,200.0
,CUST697,2023-01-15,500.0,Clothing,1,,0,2023-01-15,531,500.0
,CUST698,2023-07-19,300.0,Electronics,1,,0,2023-07-19,346,300.0
,CUST699,2023-06-22,30.0,Clothing,4,,0,2023-06-22,373,120.0
,CUST700,2023-12-09,500.0,Electronics,4,,0,2023-12-09,203,2000.0
,CUST701,2023-12-14,30.0,Beauty,2,,0,2023-12-14,198,60.0
,CUST702,2023-07-27,300.0,Clothing,2,,0,2023-07-27,338,600.0
,CUST703,2023-03-26,50.0,Electronics,2,,0,2023-03-26,461,100.0
,CUST704,2023-08-28,30.0,Clothing,3,,0,2023-08-28,306,90.0
,CUST705,2023-03-07,25.0,Electronics,2,,0,2023-03-07,480,50.0
,CUST706,2023-11-15,25.0,Electronics,4,,0,2023-11-15,227,100.0
,CUST707,2023-10-01,500.0,Clothing,1,,0,2023-10-01,272,500.0
,CUST708,2023-01-14,300.0,Beauty,3,,0,2023-01-14,532,900.0
,CUST709,2023-07-21,500.0,Electronics,2,,0,2023-07-21,344,1000.0
,CUST710,2023-10-31,500.0,Electronics,3,,0,2023-10-31,242,1500.0
,CUST711,2023-10-16,500.0,Electronics,3,,0,2023-10-16,257,1500.0
,CUST712,2023-12-06,25.0,Beauty,2,,0,2023-12-06,206,50.0
,CUST713,2023-01-14,25.0,Beauty,3,,0,2023-01-14,532,75.0
,CUST714,2023-02-12,500.0,Clothing,1,,0,2023-02-12,503,500.0
,CUST715,2023-11-26,25.0,Beauty,4,,0,2023-11-26,216,100.0
,CUST716,2023-08-08,300.0,Clothing,4,,0,2023-08-08,326,1200.0
,CUST717,2023-03-11,500.0,Clothing,1,,0,2023-03-11,476,500.0
,CUST718,2023-08-25,25.0,Beauty,3,,0,2023-08-25,309,75.0
,CUST719,2023-04-04,30.0,Clothing,2,,0,2023-04-04,452,60.0
,CUST720,2023-01-26,500.0,Beauty,3,,0,2023-01-26,520,1500.0
,CUST721,2023-05-14,500.0,Clothing,1,,0,2023-05-14,412,500.0
,CUST722,2023-07-14,300.0,Beauty,3,,0,2023-07-14,351,900.0
,CUST723,2023-06-17,50.0,Beauty,4,,0,2023-06-17,378,200.0
,CUST724,2023-04-19,50.0,Clothing,3,,0,2023-04-19,437,150.0
,CUST725,2023-08-21,300.0,Electronics,1,,0,2023-08-21,313,300.0
,CUST726,2023-06-17,300.0,Clothing,4,,0,2023-06-17,378,1200.0
,CUST727,2023-06-22,300.0,Beauty,3,,0,2023-06-22,373,900.0
,CUST728,2023-07-14,50.0,Electronics,3,,0,2023-07-14,351,150.0
,CUST729,2023-05-23,300.0,Clothing,4,,0,2023-05-23,403,1200.0
,CUST730,2023-08-04,25.0,Clothing,2,,0,2023-08-04,330,50.0
,CUST731,2023-05-10,500.0,Clothing,4,,0,2023-05-10,416,2000.0
,CUST732,2023-02-11,500.0,Electronics,2,,0,2023-02-11,504,1000.0
,CUST733,2023-08-29,30.0,Beauty,1,,0,2023-08-29,305,30.0
,CUST734,2023-01-10,30.0,Clothing,1,,0,2023-01-10,536,30.0
,CUST735,2023-10-04,500.0,Clothing,4,,0,2023-10-04,269,2000.0
,CUST736,2023-01-27,25.0,Clothing,4,,0,2023-01-27,519,100.0
,CUST737,2023-06-29,50.0,Clothing,1,,0,2023-06-29,366,50.0
,CUST738,2023-04-25,50.0,Clothing,2,,0,2023-04-25,431,100.0
,CUST739,2023-11-29,25.0,Beauty,1,,0,2023-11-29,213,25.0
,CUST740,2023-02-05,50.0,Beauty,4,,0,2023-02-05,510,200.0
,CUST741,2023-11-30,300.0,Clothing,1,,0,2023-11-30,212,300.0
,CUST742,2023-01-21,500.0,Electronics,4,,0,2023-01-21,525,2000.0
,CUST743,2023-01-16,500.0,Beauty,4,,0,2023-01-16,530,2000.0
,CUST744,2023-05-07,25.0,Electronics,1,,0,2023-05-07,419,25.0
,CUST745,2023-04-13,50.0,Beauty,2,,0,2023-04-13,443,100.0
,CUST746,2023-01-11,30.0,Clothing,3,,0,2023-01-11,535,90.0
,CUST747,2023-11-15,30.0,Beauty,1,,0,2023-11-15,227,30.0
,CUST748,2023-03-20,50.0,Clothing,3,,0,2023-03-20,467,150.0
,CUST749,2023-05-03,30.0,Beauty,1,,0,2023-05-03,423,30.0
,CUST750,2023-03-06,25.0,Clothing,3,,0,2023-03-06,481,75.0
,CUST751,2023-08-31,25.0,Clothing,2,,0,2023-08-31,303,50.0
,CUST752,2023-12-09,50.0,Clothing,2,,0,2023-12-09,203,100.0
,CUST753,2023-02-28,30.0,Clothing,1,,0,2023-02-28,487,30.0
,CUST754,2023-10-16,25.0,Electronics,4,,0,2023-10-16,257,100.0
,CUST755,2023-04-22,25.0,Clothing,3,,0,2023-04-22,434,75.0
,CUST756,2023-08-27,300.0,Electronics,4,,0,2023-08-27,307,1200.0
,CUST757,2023-12-25,300.0,Electronics,4,,0,2023-12-25,187,1200.0
,CUST758,2023-05-12,25.0,Clothing,4,,0,2023-05-12,414,100.0
,CUST759,2023-07-08,50.0,Electronics,2,,0,2023-07-08,357,100.0
,CUST760,2023-03-27,500.0,Beauty,1,,0,2023-03-27,460,500.0
,CUST761,2023-11-07,500.0,Clothing,1,,0,2023-11-07,235,500.0
,CUST762,2023-11-07,25.0,Electronics,2,,0,2023-11-07,235,50.0
,CUST763,2023-02-28,25.0,Clothing,2,,0,2023-02-28,487,50.0
,CUST764,2023-03-25,25.0,Clothing,1,,0,2023-03-25,462,25.0
,CUST765,2023-06-09,50.0,Clothing,4,,0,2023-06-09,386,200.0
,CUST766,2023-02-25,300.0,Electronics,3,,0,2023-02-25,490,900.0
,CUST767,2023-10-24,25.0,Beauty,3,,0,2023-10-24,249,75.0
,CUST768,2023-01-14,25.0,Beauty,3,,0,2023-01-14,532,75.0
,CUST769,2023-06-09,30.0,Electronics,4,,0,2023-06-09,386,120.0
,CUST770,2023-10-22,50.0,Clothing,1,,0,2023-10-22,251,50.0
,CUST771,2023-12-13,25.0,Electronics,2,,0,2023-12-13,199,50.0
,CUST772,2023-07-12,30.0,Electronics,1,,0,2023-07-12,353,30.0
,CUST773,2023-07-23,500.0,Electronics,4,,0,2023-07-23,342,2000.0
,CUST774,2023-04-12,25.0,Clothing,2,,0,2023-04-12,444,50.0
,CUST775,2023-02-08,25.0,Electronics,4,,0,2023-02-08,507,100.0
,CUST776,2023-10-31,30.0,Clothing,3,,0,2023-10-31,242,90.0
,CUST777,2023-12-20,50.0,Electronics,3,,0,2023-12-20,192,150.0
,CUST778,2023-11-18,25.0,Beauty,4,,0,2023-11-18,224,100.0
,CUST779,2023-05-05,500.0,Electronics,2,,0,2023-05-05,421,1000.0
,CUST780,2023-02-22,25.0,Electronics,2,,0,2023-02-22,493,50.0
,CUST781,2023-12-23,500.0,Beauty,1,,0,2023-12-23,189,500.0
,CUST782,2023-06-04,300.0,Clothing,3,,0,2023-06-04,391,900.0
,CUST783,2023-12-17,300.0,Clothing,1,,0,2023-12-17,195,300.0
,CUST784,2023-11-04,500.0,Electronics,1,,0,2023-11-04,238,500.0
,CUST785,2023-03-03,50.0,Beauty,4,,0,2023-03-03,484,200.0
,CUST786,2023-10-17,25.0,Clothing,4,,0,2023-10-17,256,100.0
,CUST787,2023-01-22,25.0,Electronics,1,,0,2023-01-22,524,25.0
,CUST788,2023-06-27,300.0,Beauty,3,,0,2023-06-27,368,900.0
,CUST789,2023-09-30,500.0,Clothing,4,,0,2023-09-30,273,2000.0
,CUST790,2023-08-08,25.0,Clothing,1,,0,2023-08-08,326,25.0
,CUST791,2023-12-05,25.0,Beauty,1,,0,2023-12-05,207,25.0
,CUST792,2023-07-09,50.0,Beauty,1,,0,2023-07-09,356,50.0
,CUST793,2023-02-05,30.0,Beauty,1,,0,2023-02-05,510,30.0
,CUST794,2023-09-17,300.0,Beauty,1,,0,2023-09-17,286,300.0
,CUST795,2023-11-28,300.0,Electronics,1,,0,2023-11-28,214,300.0
,CUST796,2023-06-24,30.0,Beauty,4,,0,2023-06-24,371,120.0
,CUST797,2023-01-07,25.0,Clothing,3,,0,2023-01-07,539,75.0
,CUST798,2023-08-04,50.0,Clothing,1,,0,2023-08-04,330,50.0
,CUST799,2023-09-08,50.0,Electronics,2,,0,2023-09-08,295,100.0
,CUST800,2023-02-24,300.0,Clothing,4,,0,2023-02-24,491,1200.0
,CUST801,2023-08-10,50.0,Clothing,4,,0,2023-08-10,324,200.0
,CUST802,2023-07-05,30.0,Beauty,1,,0,2023-07-05,360,30.0
,CUST803,2023-11-22,25.0,Clothing,4,,0,2023-11-22,220,100.0
,CUST804,2023-08-24,30.0,Electronics,1,,0,2023-08-24,310,30.0
,CUST805,2023-12-29,500.0,Beauty,3,,0,2023-12-29,183,1500.0
,CUST806,2023-03-20,300.0,Beauty,3,,0,2023-03-20,467,900.0
,CUST807,2023-08-11,50.0,Electronics,4,,0,2023-08-11,323,200.0
,CUST808,2023-04-01,500.0,Beauty,4,,0,2023-04-01,455,2000.0
,CUST809,2023-09-25,50.0,Beauty,2,,0,2023-09-25,278,100.0
,CUST810,2023-11-30,25.0,Electronics,4,,0,2023-11-30,212,100.0
,CUST811,2023-05-19,25.0,Beauty,2,,0,2023-05-19,407,50.0
,CUST812,2023-11-12,25.0,Electronics,3,,0,2023-11-12,230,75.0
,CUST813,2023-10-03,50.0,Electronics,3,,0,2023-10-03,270,150.0
,CUST814,2023-09-05,500.0,Clothing,1,,0,2023-09-05,298,500.0
,CUST815,2023-08-27,25.0,Clothing,3,,0,2023-08-27,307,75.0
,CUST816,2023-08-12,500.0,Beauty,2,,0,2023-08-12,322,1000.0
,CUST817,2023-10-31,50.0,Beauty,4,,0,2023-10-31,242,200.0
,CUST818,2023-05-18,500.0,Electronics,1,,0,2023-05-18,408,500.0
,CUST819,2023-06-15,50.0,Beauty,2,,0,2023-06-15,380,100.0
,CUST820,2023-05-06,50.0,Electronics,4,,0,2023-05-06,420,200.0
,CUST821,2023-02-14,300.0,Electronics,1,,0,2023-02-14,501,300.0
,CUST822,2023-05-23,50.0,Beauty,3,,0,2023-05-23,403,150.0
,CUST823,2023-08-19,50.0,Electronics,2,,0,2023-08-19,315,100.0
,CUST824,2023-05-05,30.0,Clothing,4,,0,2023-05-05,421,120.0
,CUST825,2023-08-26,25.0,Beauty,1,,0,2023-08-26,308,25.0
,CUST826,2023-10-19,300.0,Clothing,1,,0,2023-10-19,254,300.0
,CUST827,2023-11-09,300.0,Beauty,3,,0,2023-11-09,233,900.0
,CUST828,2023-12-09,300.0,Electronics,4,,0,2023-12-09,203,1200.0
,CUST829,2023-07-14,30.0,Beauty,3,,0,2023-07-14,351,90.0
,CUST830,2023-06-22,50.0,Clothing,3,,0,2023-06-22,373,150.0
,CUST831,2023-01-15,25.0,Electronics,4,,0,2023-01-15,531,100.0
,CUST832,2023-09-11,500.0,Beauty,4,,0,2023-09-11,292,2000.0
,CUST833,2023-06-16,50.0,Beauty,4,,0,2023-06-16,379,200.0
,CUST834,2023-04-04,30.0,Beauty,2,,0,2023-04-04,452,60.0
,CUST835,2023-09-07,50.0,Clothing,4,,0,2023-09-07,296,200.0
,CUST836,2023-04-19,50.0,Clothing,1,,0,2023-04-19,437,50.0
,CUST837,2023-07-01,30.0,Beauty,3,,0,2023-07-01,364,90.0
,CUST838,2023-05-13,300.0,Electronics,2,,0,2023-05-13,413,600.0
,CUST839,2023-06-24,300.0,Electronics,4,,0,2023-06-24,371,1200.0
,CUST840,2023-05-24,25.0,Clothing,2,,0,2023-05-24,402,50.0
,CUST841,2023-11-02,25.0,Electronics,4,,0,2023-11-02,240,100.0
,CUST842,2023-12-26,300.0,Clothing,2,,0,2023-12-26,186,600.0
,CUST843,2023-05-22,500.0,Beauty,3,,0,2023-05-22,404,1500.0
,CUST844,2023-10-12,50.0,Clothing,3,,0,2023-10-12,261,150.0
,CUST845,2023-01-06,500.0,Clothing,1,,0,2023-01-06,540,500.0
,CUST846,2023-09-22,50.0,Beauty,1,,0,2023-09-22,281,50.0
,CUST847,2023-04-08,300.0,Electronics,4,,0,2023-04-08,448,1200.0
,CUST848,2023-02-13,25.0,Clothing,3,,0,2023-02-13,502,75.0
,CUST849,2023-05-04,25.0,Clothing,2,,0,2023-05-04,422,50.0
,CUST850,2023-07-28,500.0,Beauty,2,,0,2023-07-28,337,1000.0
,CUST851,2023-09-08,25.0,Electronics,2,,0,2023-09-08,295,50.0
,CUST852,2023-10-12,300.0,Clothing,1,,0,2023-10-12,261,300.0
,CUST853,2023-05-04,500.0,Beauty,2,,0,2023-05-04,422,1000.0
,CUST854,2023-12-20,50.0,Clothing,1,,0,2023-12-20,192,50.0
,CUST855,2023-09-01,25.0,Beauty,1,,0,2023-09-01,302,25.0
,CUST856,2023-11-27,30.0,Electronics,4,,0,2023-11-27,215,120.0
,CUST857,2023-12-31,25.0,Electronics,2,,0,2023-12-31,181,50.0
,CUST858,2023-09-09,50.0,Electronics,2,,0,2023-09-09,294,100.0
,CUST859,2023-08-18,500.0,Electronics,3,,0,2023-08-18,316,1500.0
,CUST860,2023-01-09,50.0,Clothing,4,,0,2023-01-09,537,200.0
,CUST861,2023-02-17,30.0,Clothing,3,,0,2023-02-17,498,90.0
,CUST862,2023-05-31,300.0,Electronics,4,,0,2023-05-31,395,1200.0
,CUST863,2023-04-24,25.0,Electronics,2,,0,2023-04-24,432,50.0
,CUST864,2023-07-27,500.0,Electronics,1,,0,2023-07-27,338,500.0
,CUST865,2023-12-21,300.0,Clothing,1,,0,2023-12-21,191,300.0
,CUST866,2023-05-05,50.0,Electronics,1,,0,2023-05-05,421,50.0
,CUST867,2023-06-06,500.0,Electronics,1,,0,2023-06-06,389,500.0
,CUST868,2023-12-06,300.0,Electronics,1,,0,2023-12-06,206,300.0
,CUST869,2023-10-25,500.0,Beauty,3,,0,2023-10-25,248,1500.0
,CUST870,2023-07-08,30.0,Electronics,4,,0,2023-07-08,357,120.0
,CUST871,2023-08-31,30.0,Beauty,2,,0,2023-08-31,303,60.0
,CUST872,2023-10-11,25.0,Beauty,3,,0,2023-10-11,262,75.0
,CUST873,2023-09-29,25.0,Electronics,4,,0,2023-09-29,274,100.0
,CUST874,2023-06-26,30.0,Beauty,1,,0,2023-06-26,369,30.0
,CUST875,2023-08-06,500.0,Electronics,4,,0,2023-08-06,328,2000.0
,CUST876,2023-10-09,30.0,Clothing,4,,0,2023-10-09,264,120.0
,CUST877,2023-06-19,25.0,Clothing,1,,0,2023-06-19,376,25.0
,CUST878,2023-06-30,30.0,Clothing,1,,0,2023-06-30,365,30.0
,CUST879,2023-12-26,30.0,Clothing,1,,0,2023-12-26,186,30.0
,CUST880,2023-08-21,500.0,Beauty,2,,0,2023-08-21,313,1000.0
,CUST881,2023-05-19,300.0,Electronics,1,,0,2023-05-19,407,300.0
,CUST882,2023-06-06,25.0,Electronics,2,,0,2023-06-06,389,50.0
,CUST883,2023-05-09,500.0,Electronics,1,,0,2023-05-09,417,500.0
,CUST884,2023-04-29,30.0,Clothing,2,,0,2023-04-29,427,60.0
,CUST885,2023-03-03,30.0,Clothing,4,,0,2023-03-03,484,120.0
,CUST886,2023-04-09,300.0,Electronics,3,,0,2023-04-09,447,900.0
,CUST887,2023-06-11,25.0,Clothing,4,,0,2023-06-11,384,100.0
,CUST888,2023-03-03,25.0,Electronics,4,,0,2023-03-03,484,100.0
,CUST889,2023-10-02,50.0,Electronics,1,,0,2023-10-02,271,50.0
,CUST890,2023-12-20,25.0,Electronics,2,,0,2023-12-20,192,50.0
,CUST891,2023-04-05,300.0,Electronics,3,,0,2023-04-05,451,900.0
,CUST892,2023-04-09,50.0,Electronics,1,,0,2023-04-09,447,50.0
,CUST893,2023-04-21,50.0,Electronics,1,,0,2023-04-21,435,50.0
,CUST894,2023-09-05,30.0,Electronics,1,,0,2023-09-05,298,30.0
,CUST895,2023-05-22,30.0,Clothing,4,,0,2023-05-22,404,120.0
,CUST896,2023-10-29,25.0,Electronics,2,,0,2023-10-29,244,50.0
,CUST897,2023-09-26,50.0,Electronics,2,,0,2023-09-26,277,100.0
,CUST898,2023-11-02,30.0,Clothing,3,,0,2023-11-02,240,90.0
,CUST899,2023-05-25,300.0,Clothing,2,,0,2023-05-25,401,600.0
,CUST900,2023-02-21,30.0,Clothing,2,,0,2023-02-21,494,60.0
,CUST901,2023-04-10,30.0,Electronics,1,,0,2023-04-10,446,30.0
,CUST902,2023-06-01,50.0,Beauty,1,,0,2023-06-01,394,50.0
,CUST903,2023-04-27,50.0,Beauty,4,,0,2023-04-27,429,200.0
,CUST904,2023-07-04,500.0,Clothing,1,,0,2023-07-04,361,500.0
,CUST905,2023-04-02,300.0,Beauty,1,,0,2023-04-02,454,300.0
,CUST906,2023-06-04,50.0,Clothing,1,,0,2023-06-04,391,50.0
,CUST907,2023-01-08,25.0,Electronics,1,,0,2023-01-08,538,25.0
,CUST908,2023-12-29,300.0,Beauty,4,,0,2023-12-29,183,1200.0
,CUST909,2023-10-01,300.0,Electronics,1,,0,2023-10-01,272,300.0
,CUST910,2023-03-06,50.0,Beauty,3,,0,2023-03-06,481,150.0
,CUST911,2023-05-21,300.0,Electronics,3,,0,2023-05-21,405,900.0
,CUST912,2023-01-24,50.0,Beauty,3,,0,2023-01-24,522,150.0
,CUST913,2023-01-28,30.0,Electronics,3,,0,2023-01-28,518,90.0
,CUST914,2023-10-11,500.0,Electronics,1,,0,2023-10-11,262,500.0
,CUST915,2023-05-30,30.0,Beauty,3,,0,2023-05-30,396,90.0
,CUST916,2023-12-24,50.0,Electronics,1,,0,2023-12-24,188,50.0
,CUST917,2023-03-06,50.0,Electronics,4,,0,2023-03-06,481,200.0
,CUST918,2023-11-23,30.0,Electronics,3,,0,2023-11-23,219,90.0
,CUST919,2023-09-09,25.0,Beauty,2,,0,2023-09-09,294,50.0
,CUST920,2023-02-22,25.0,Beauty,3,,0,2023-02-22,493,75.0
,CUST921,2023-01-07,25.0,Electronics,3,,0,2023-01-07,539,75.0
,CUST922,2023-10-21,50.0,Electronics,1,,0,2023-10-21,252,50.0
,CUST923,2023-05-26,300.0,Beauty,3,,0,2023-05-26,400,900.0
,CUST924,2023-08-29,50.0,Beauty,2,,0,2023-08-29,305,100.0
,CUST925,2023-09-03,300.0,Electronics,1,,0,2023-09-03,300,300.0
,CUST926,2023-08-14,30.0,Electronics,1,,0,2023-08-14,320,30.0
,CUST927,2023-06-24,500.0,Electronics,4,,0,2023-06-24,371,2000.0
,CUST928,2023-04-05,300.0,Clothing,4,,0,2023-04-05,451,1200.0
,CUST929,2023-01-27,25.0,Beauty,3,,0,2023-01-27,519,75.0
,CUST930,2023-05-10,50.0,Clothing,4,,0,2023-05-10,416,200.0
,CUST931,2023-09-02,30.0,Beauty,4,,0,2023-09-02,301,120.0
,CUST932,2023-02-28,25.0,Beauty,4,,0,2023-02-28,487,100.0
,CUST933,2023-02-03,30.0,Beauty,1,,0,2023-02-03,512,30.0
,CUST934,2023-07-25,500.0,Beauty,1,,0,2023-07-25,340,500.0
,CUST935,2023-09-09,50.0,Beauty,1,,0,2023-09-09,294,50.0
,CUST936,2023-02-07,50.0,Beauty,4,,0,2023-02-07,508,200.0
,CUST937,2023-10-23,500.0,Beauty,1,,0,2023-10-23,250,500.0
,CUST938,2023-11-19,50.0,Clothing,4,,0,2023-11-19,223,200.0
,CUST939,2023-12-18,300.0,Electronics,1,,0,2023-12-18,194,300.0
,CUST940,2023-01-28,30.0,Electronics,1,,0,2023-01-28,518,30.0
,CUST941,2023-03-19,25.0,Clothing,2,,0,2023-03-19,468,50.0
,CUST942,2023-03-18,500.0,Clothing,3,,0,2023-03-18,469,1500.0
,CUST943,2023-10-16,300.0,Clothing,4,,0,2023-10-16,257,1200.0
,CUST944,2023-06-05,25.0,Clothing,2,,0,2023-06-05,390,50.0
,CUST945,2023-02-13,25.0,Beauty,1,,0,2023-02-13,502,25.0
,CUST946,2023-05-08,500.0,Electronics,4,,0,2023-05-08,418,2000.0
,CUST947,2023-03-02,300.0,Beauty,1,,0,2023-03-02,485,300.0
,CUST948,2023-10-13,25.0,Electronics,3,,0,2023-10-13,260,75.0
,CUST949,2023-08-02,25.0,Electronics,2,,0,2023-08-02,332,50.0
,CUST950,2023-11-07,300.0,Clothing,3,,0,2023-11-07,235,900.0
,CUST951,2023-11-02,50.0,Beauty,2,,0,2023-11-02,240,100.0
,CUST952,2023-11-13,25.0,Clothing,1,,0,2023-11-13,229,25.0
,CUST953,2023-04-26,30.0,Beauty,3,,0,2023-04-26,430,90.0
,CUST954,2023-09-25,300.0,Electronics,3,,0,2023-09-25,278,900.0
,CUST955,2023-07-14,25.0,Clothing,1,,0,2023-07-14,351,25.0
,CUST956,2023-08-19,500.0,Clothing,3,,0,2023-08-19,315,1500.0
,CUST957,2023-08-15,30.0,Electronics,4,,0,2023-08-15,319,120.0
,CUST958,2023-06-02,25.0,Electronics,2,,0,2023-06-02,393,50.0
,CUST959,2023-10-29,30.0,Electronics,2,,0,2023-10-29,244,60.0
,CUST960,2023-08-08,30.0,Clothing,2,,0,2023-08-08,326,60.0
,CUST961,2023-06-06,50.0,Beauty,4,,0,2023-06-06,389,200.0
,CUST962,2023-10-19,30.0,Clothing,2,,0,2023-10-19,254,60.0
,CUST963,2023-11-14,50.0,Beauty,1,,0,2023-11-14,228,50.0
,CUST964,2023-01-31,300.0,Clothing,3,,0,2023-01-31,515,900.0
,CUST965,2023-11-09,50.0,Clothing,4,,0,2023-11-09,233,200.0
,CUST966,2023-02-20,500.0,Electronics,2,,0,2023-02-20,495,1000.0
,CUST967,2023-04-17,25.0,Beauty,1,,0,2023-04-17,439,25.0
,CUST968,2023-11-17,300.0,Clothing,3,,0,2023-11-17,225,900.0
,CUST969,2023-04-19,300.0,Clothing,3,,0,2023-04-19,437,900.0
,CUST970,2023-05-16,500.0,Electronics,4,,0,2023-05-16,410,2000.0
,CUST971,2023-12-05,50.0,Electronics,4,,0,2023-12-05,207,200.0
,CUST972,2023-02-11,25.0,Beauty,4,,0,2023-02-11,504,100.0
,CUST973,2023-03-22,50.0,Clothing,1,,0,2023-03-22,465,50.0
,CUST974,2023-05-03,30.0,Beauty,1,,0,2023-05-03,423,30.0
,CUST975,2023-03-30,50.0,Clothing,4,,0,2023-03-30,457,200.0
,CUST976,2023-10-10,300.0,Beauty,2,,0,2023-10-10,263,600.0
,CUST977,2023-02-08,25.0,Electronics,3,,0,2023-02-08,507,75.0
,CUST978,2023-03-22,50.0,Clothing,3,,0,2023-03-22,465,150.0
,CUST979,2023-01-02,25.0,Beauty,1,,0,2023-01-02,544,25.0
,CUST980,2023-07-29,25.0,Electronics,3,,0,2023-07-29,336,75.0
,CUST981,2023-08-19,30.0,Electronics,2,,0,2023-08-19,315,60.0
,CUST982,2023-12-19,30.0,Beauty,3,,0,2023-12-19,193,90.0
,CUST983,2023-11-01,300.0,Clothing,1,,0,2023-11-01,241,300.0
,CUST984,2023-08-29,500.0,Clothing,1,,0,2023-08-29,305,500.0
,CUST985,2023-05-30,25.0,Electronics,2,,0,2023-05-30,396,50.0
,CUST986,2023-01-17,500.0,Clothing,2,,0,2023-01-17,529,1000.0
,CUST987,2023-04-29,300.0,Clothing,3,,0,2023-04-29,427,900.0
,CUST988,2023-05-28,25.0,Clothing,3,,0,2023-05-28,398,75.0
,CUST989,2023-12-28,25.0,Electronics,1,,0,2023-12-28,184,25.0
,CUST990,2023-05-25,500.0,Beauty,2,,0,2023-05-25,401,1000.0
,CUST991,2023-12-26,50.0,Clothing,2,,0,2023-12-26,186,100.0
,CUST992,2023-08-21,30.0,Electronics,2,,0,2023-08-21,313,60.0
,CUST993,2023-02-06,50.0,Electronics,3,,0,2023-02-06,509,150.0
,CUST994,2023-12-18,500.0,Beauty,2,,0,2023-12-18,194,1000.0
,CUST995,2023-04-30,30.0,Clothing,1,,0,2023-04-30,426,30.0
,CUST996,2023-05-16,50.0,Clothing,1,,0,2023-05-16,410,50.0
,CUST997,2023-11-17,30.0,Beauty,3,,0,2023-11-17,225,90.0
,CUST998,2023-10-29,25.0,Beauty,4,,0,2023-10-29,244,100.0
,CUST999,2023-12-05,50.0,Electronics,3,,0,2023-12-05,207,150.0
,CUST1000,2023-04-12,30.0,Electronics,4,,0,2023-04-12,444,120.0
